Symbol,Time,Open,High,Low,Latest,Change,%Change,Volume,"Open Int"
TAZ21,2021-12-03,4214,4214,4214,4214,-329.5,-7.25%,0,0
TAZ21,2021-12-06,4199.5,4290,3965.5,4206.5,-7.5,-0.18%,710,662
TAZ21,2021-12-07,4353,4436,4280,4298.5,92,+2.19%,235,737
TAZ21,2021-12-08,4319,4473.5,4236.5,4435,136.5,+3.18%,1683,1389
TAZ21,2021-12-09,4417.5,4505,4081,4124,-311.,-7.01%,5421,2489
TAZ21,2021-12-10,4176,4236,3930,4040,-84.,-2.04%,12809,3081
TAZ21,2021-12-13,4100,4161,3660.5,3745,-295.,-7.30%,13273,5325
TAZ21,2021-12-14,3786,3879.5,3680.5,3831,86,+2.30%,12295,6342
TAZ21,2021-12-15,3830.5,4101.5,3646.5,4061.5,230.5,+6.02%,32406,10645
TAZ21,2021-12-16,4036,4118.5,3970,4022,-39.5,-0.97%,13640,10391
TAZ21,2021-12-17,3993,3996,3693.5,3839,-183.,-4.55%,20901,13562
TAZ21,2021-12-20,3970,3989,3756.5,3933.5,94.5,+2.46%,12181,16803
TAZ21,2021-12-21,3904.5,4066,3901,4015.5,82,+2.08%,10900,15798
TAZ21,2021-12-22,4029.5,4080,3935.5,4005,-10.5,-0.26%,12172,16679
TAZ21,2021-12-23,3988,4160,3893.5,4128.5,123.5,+3.08%,11192,18740
TAZ21,2021-12-27,4126,4145.5,4035,4098.5,-30.,-0.73%,7106,19747
TAZ21,2021-12-28,4053,4054,3756.5,3823,-275.5,-6.72%,13041,20861
TAZ21,2021-12-29,3806.5,3821,3692.5,3746,-77.,-2.01%,10198,22543
TAZ21,2021-12-30,3714,3772.5,3580,3721.5,-24.5,-0.65%,9505,22335
TAF22,2021-12-31,3704.5,3819,3630,3650,-71.5,-1.92%,8997,7961
TAF22,2022-01-03,3839.5,3864.5,3686.5,3699,49,+1.34%,6136,8759
TAF22,2022-01-04,3761,3902,3720,3824.5,125.5,+3.39%,7742,10140
TAF22,2022-01-05,3822,3850,3541,3579.5,-245.,-6.41%,15430,10731
TAF22,2022-01-06,3528,3554.5,3288,3417,-162.5,-4.54%,20120,15839
TAF22,2022-01-07,3414,3418,3055.5,3203.5,-213.5,-6.25%,32867,25575
TAF22,2022-01-10,3180,3180,2920,3081.5,-122.,-3.81%,28405,33137
TAF22,2022-01-11,3055,3263.5,3051,3242,160.5,+5.21%,16939,35375
TAF22,2022-01-12,3247,3413,3208.5,3380.5,138.5,+4.27%,18360,38988
TAF22,2022-01-13,3370.5,3417.5,3228.5,3264,-116.5,-3.45%,14154,42170
TAF22,2022-01-14,3253.5,3346.5,3187.5,3305,41,+1.26%,13882,47506
TAF22,2022-01-18,3361,3368,3078.5,3116.5,-188.5,-5.70%,17874,51794
TAF22,2022-01-19,3176.5,3177,3042.5,3106,-10.5,-0.34%,16104,55069
TAF22,2022-01-20,3116.5,3272,3074,3190.5,84.5,+2.72%,11503,55354
TAF22,2022-01-21,3079,3079,2560,2736,-454.5,-14.25%,42270,69260
TAF22,2022-01-24,2450,2551.5,2159,2461.5,-274.5,-10.03%,51450,74867
TAF22,2022-01-25,2415.5,2508,2350,2435.5,-26.,-1.06%,16161,77729
TAF22,2022-01-26,2439.5,2719.5,2414.5,2517.5,82,+3.37%,23069,78281
TAF22,2022-01-27,2436,2523,2315.5,2341,-176.5,-7.01%,36190,89825
TAG22,2022-01-28,2370,2547.5,2355.5,2512,171,+7.30%,21340,18007
TAG22,2022-01-31,2550,2708,2476.5,2688.5,176.5,+7.03%,19846,20332
TAG22,2022-02-01,2681.5,2813,2674.5,2774.5,86,+3.20%,15909,20838
TAG22,2022-02-02,2777.5,2814,2611,2726,-48.5,-1.75%,19614,24334
TAG22,2022-02-03,2657,2721.5,2571.5,2575.5,-150.5,-5.52%,18522,27479
TAG22,2022-02-04,2663.5,2986.5,2653.5,2960.5,385,+14.95%,39732,32946
TAG22,2022-02-07,3005,3193,2991.5,3156,195.5,+6.60%,16642,33119
TAG22,2022-02-08,3157.5,3238.5,3032,3124,-32.,-1.01%,14790,30766
TAG22,2022-02-09,3128.5,3281.5,3061.5,3266.5,142.5,+4.56%,13553,29751
TAG22,2022-02-10,3262.5,3292.5,3087,3113.5,-153.,-4.68%,16477,30791
TAG22,2022-02-11,3116.5,3143.5,2910,2919,-194.5,-6.25%,18761,28845
TAG22,2022-02-14,2908.5,2970.5,2830,2897,-22.,-0.75%,15937,29455
TAG22,2022-02-15,2949.5,3155.5,2917,3123,226,+7.80%,12668,28261
TAG22,2022-02-16,3137,3204,3048,3158.5,35.5,+1.14%,15147,28675
TAG22,2022-02-17,3152.5,3166,2850.5,2898.5,-260.,-8.23%,17591,27949
TAG22,2022-02-18,2893,2945,2751.5,2786,-112.5,-3.88%,17856,28585
TAG22,2022-02-22,2709.5,2761,2498,2600.5,-185.5,-6.66%,35292,33643
TAG22,2022-02-23,2621.5,2754.5,2598.5,2616.5,16,+0.62%,22048,37450
TAG22,2022-02-24,2634,2733.5,2302,2653,36.5,+1.39%,35175,42556
TAH22,2022-02-25,2588,2750.5,2569.5,2716,63,+2.37%,12524,14087
TAH22,2022-02-28,2640,2849.5,2571.5,2839,123,+4.53%,17822,16831
TAH22,2022-03-01,2897,3042,2859.5,2982.5,143.5,+5.05%,14268,19406
TAH22,2022-03-02,2975.5,3052.5,2918.5,2957.5,-25.,-0.84%,13714,22178
TAH22,2022-03-03,2968.5,2976,2787,2803.5,-154.,-5.21%,11819,23870
TAH22,2022-03-04,2827.5,2850.5,2597.5,2615.5,-188.,-6.71%,19537,25461
TAH22,2022-03-07,2629.5,2647.5,2439.5,2458,-157.5,-6.02%,28742,23320
TAH22,2022-03-08,2447.5,2624.5,2436.5,2551.5,93.5,+3.80%,17766,22053
TAH22,2022-03-09,2540,2775.5,2531,2686.5,135,+5.29%,15630,21461
TAH22,2022-03-10,2729.5,2736,2550,2618.5,-68.,-2.53%,20126,23094
TAH22,2022-03-11,2607.5,2676,2519.5,2529.5,-89.,-3.40%,14255,23518
TAH22,2022-03-14,2565.5,2609.5,2488.5,2531,1.5,+0.06%,11112,24483
TAH22,2022-03-15,2536.5,2671,2501.5,2660,129,+5.10%,13398,25167
TAH22,2022-03-16,2619.5,2791.5,2605,2756,96,+3.61%,22807,25444
TAH22,2022-03-17,2789,2842,2749,2832.5,76.5,+2.78%,9838,24954
TAH22,2022-03-18,2821.5,2993,2774,2974.5,142,+5.01%,14802,24699
TAH22,2022-03-21,2938,2967.5,2837,2921.5,-53.,-1.78%,16543,27184
TAH22,2022-03-22,2936,3063.5,2885,2991.5,70,+2.40%,16568,29130
TAH22,2022-03-23,3024.5,3050.5,2923,2966.5,-25.,-0.84%,17011,30969
TAH22,2022-03-24,2989.5,3133.5,2989.5,3107.5,141,+4.75%,20521,31437
TAJ22,2022-03-25,3117,3212.5,3094.5,3127.5,20,+0.64%,19437,16481
TAJ22,2022-03-28,3164.5,3453,3164.5,3433.5,306,+9.78%,17220,19901
TAJ22,2022-03-29,3401,3507,3338.5,3453,19.5,+0.57%,13020,22168
TAJ22,2022-03-30,3389.5,3467,3350,3407.5,-45.5,-1.32%,10364,24272
TAJ22,2022-03-31,3403,3461,3270,3298.5,-109.,-3.20%,11825,25973
TAJ22,2022-04-01,3295,3500.5,3224,3484.5,186,+5.64%,11889,27144
TAJ22,2022-04-04,3506,3599,3506,3506,21.5,+0.62%,11378,24435
TAJ22,2022-04-05,3531,3571,3419.5,3470.5,-35.5,-1.01%,13972,23482
TAJ22,2022-04-06,3453,3465,3167.5,3221,-249.5,-7.19%,25287,16539
TAJ22,2022-04-07,3231.5,3268,3137.5,3221,0,0.00%,16880,16939
TAJ22,2022-04-08,3221,3316.5,3214,3237,16,+0.50%,12682,20040
TAJ22,2022-04-11,3274.5,3277.5,2965.5,3005,-232.,-7.17%,25230,26334
TAJ22,2022-04-12,2959,3086.5,2946.5,2969.5,-35.5,-1.18%,23189,31542
TAJ22,2022-04-13,3010,3116,2986.5,3089,119.5,+4.02%,18252,35311
TAJ22,2022-04-14,3107,3148,2970.5,2995.5,-93.5,-3.03%,18922,39330
TAJ22,2022-04-18,3059,3076,2879,3007,11.5,+0.38%,25165,50083
TAJ22,2022-04-19,3000,3132.5,2981,3115.5,108.5,+3.61%,8767,49402
TAJ22,2022-04-20,3095.5,3170.5,3036,3068.5,-47.,-1.51%,11798,48156
TAJ22,2022-04-21,3094,3183.5,2988.5,3024,-44.5,-1.45%,15412,46383
TAJ22,2022-04-22,3020,3028,2932.5,2951,-73.,-2.41%,14394,44926
TAJ22,2022-04-25,2949.5,3025,2790.5,3012.5,61.5,+2.08%,21536,44535
TAJ22,2022-04-26,2980,3040,2797.5,2836.5,-176.,-5.84%,15369,45357
TAJ22,2022-04-27,2835,2919.5,2762,2857.5,21,+0.74%,14260,46428
TAJ22,2022-04-28,2894.5,2990,2855,2948.5,91,+3.18%,45425,50250
TAK22,2022-04-29,2922.5,2942,2770,2783.5,-165.,-5.60%,37370,32896
TAK22,2022-05-02,2786,2871.5,2774,2840,56.5,+2.03%,13419,34888
TAK22,2022-05-03,2869.5,2882.5,2753,2770,-70.,-2.46%,14022,38453
TAK22,2022-05-04,2794,2969.5,2762.5,2958,188,+6.79%,15935,38624
TAK22,2022-05-05,2935,2957.5,2683,2729,-229.,-7.74%,21028,43271
TAK22,2022-05-06,2743.5,2756.5,2628.5,2684.5,-44.5,-1.63%,14223,44100
TAK22,2022-05-09,2586,2586,2220.5,2267.5,-417.,-15.53%,21099,44857
TAK22,2022-05-10,2358.5,2452.5,2196,2356.5,89,+3.93%,17223,44843
TAK22,2022-05-11,2312.5,2449,2022.5,2105,-251.5,-10.67%,65239,56396
TAK22,2022-05-12,2077,2190,1709,1947.5,-157.5,-7.48%,75323,65678
TAK22,2022-05-13,1904,2146.5,1891.5,2062.5,115,+5.91%,35861,74225
TAK22,2022-05-16,2030.5,2160.5,1977.5,2004.5,-58.,-2.81%,15872,78748
TAK22,2022-05-17,2042,2121,2004.5,2042.5,38,+1.90%,15232,78833
TAK22,2022-05-18,2094,2107,1933.5,1977.5,-65.,-3.18%,20605,82468
TAK22,2022-05-19,1959,2041,1900,1991,13.5,+0.68%,19138,82453
TAK22,2022-05-20,2011.5,2063,1917.5,1964.5,-26.5,-1.33%,26382,90741
TAK22,2022-05-23,2020,2088,1975,1977.5,13,+0.66%,18780,90994
TAK22,2022-05-24,2000,2003,1906.5,1956.5,-21.,-1.06%,17801,90934
TAK22,2022-05-25,1985.5,2020,1932,1949,-7.5,-0.38%,18812,91285
TAK22,2022-05-26,1971.5,1972.5,1729.5,1826.5,-122.5,-6.29%,42820,98784
TAM22,2022-05-27,1827.5,1841.5,1708.5,1746.5,-80.,-4.38%,19082,24682
TAM22,2022-05-31,1790,2017.5,1790,1933,186.5,+10.68%,32347,25172
TAM22,2022-06-01,1948,1973,1757,1818.5,-114.5,-5.92%,17555,26278
TAM22,2022-06-02,1792.5,1841.5,1778,1821.5,3,+0.16%,8489,26628
TAM22,2022-06-03,1837.5,1850.5,1732.5,1745.5,-76.,-4.17%,7492,27642
TAM22,2022-06-06,1799,1919,1797.5,1862.5,117,+6.70%,8648,28505
TAM22,2022-06-07,1865.5,1872,1719.5,1843.5,-19.,-1.02%,11497,28351
TAM22,2022-06-08,1842,1844,1752,1789,-54.5,-2.96%,8475,28782
TAM22,2022-06-09,1805,1832,1775,1780.5,-8.5,-0.48%,4865,29483
TAM22,2022-06-10,1792.5,1803.5,1654.5,1663.5,-117.,-6.57%,18257,31300
TAM22,2022-06-13,1550,1550,1164.5,1224.5,-439.,-26.39%,28683,31339
TAM22,2022-06-14,1238,1264,1075,1204,-20.5,-1.67%,23720,31968
TAM22,2022-06-15,1170,1227.5,1010.5,1170.5,-33.5,-2.78%,31699,30895
TAM22,2022-06-16,1197,1254.5,1080.5,1092.5,-78.,-6.66%,24113,31190
TAM22,2022-06-17,1095.5,1116,1047.5,1078,-14.5,-1.33%,13300,33593
TAM22,2022-06-21,1098,1192,1050.5,1122.5,44.5,+4.13%,29537,34662
TAM22,2022-06-22,1124.5,1138.5,1040,1071,-51.5,-4.59%,25083,35289
TAM22,2022-06-23,1055,1144,1045,1126,55,+5.14%,35101,37332
TAN22,2022-06-24,1130,1241.5,1119,1225,99,+8.79%,22814,28253
TAN22,2022-06-27,1237,1237,1168.5,1194,-31.,-2.53%,14170,30122
TAN22,2022-06-28,1189,1233.5,1147,1152.5,-41.5,-3.48%,13066,33529
TAN22,2022-06-29,1165.5,1165.5,1084,1115,-37.5,-3.25%,13764,34421
TAN22,2022-06-30,1112,1118.5,994.5,1014,-101.,-9.06%,13911,36050
TAN22,2022-07-01,1016,1114,1008,1062.5,48.5,+4.78%,17984,39698
TAN22,2022-07-05,1095.5,1172.5,1041.5,1144.5,82,+7.72%,27518,45258
TAN22,2022-07-06,1152,1166.5,1110,1150,5.5,+0.48%,10661,45440
TAN22,2022-07-07,1168.5,1252,1163.5,1246,96,+8.35%,17412,46972
TAN22,2022-07-08,1235.5,1274.5,1192,1239,-7.,-0.56%,20437,46114
TAN22,2022-07-11,1220,1220,1125,1138.5,-100.5,-8.11%,10141,45799
TAN22,2022-07-12,1121,1121,1030,1037.5,-101.,-8.87%,19560,42908
TAN22,2022-07-13,1036,1099,1004,1074.5,37,+3.57%,17497,42046
TAN22,2022-07-14,1082,1211.5,1069,1192.5,118,+10.98%,33065,42526
TAN22,2022-07-15,1185,1286.5,1180,1266,73.5,+6.16%,24986,40562
TAN22,2022-07-18,1318.5,1529.5,1318.5,1471,205,+16.19%,36592,42947
TAN22,2022-07-19,1427,1631.5,1427,1563,92,+6.25%,32269,40910
TAN22,2022-07-20,1578.5,1622.5,1485,1551,-12.,-0.77%,23935,42283
TAN22,2022-07-21,1555.5,1606,1463.5,1580.5,29.5,+1.90%,33539,43647
TAN22,2022-07-22,1593.5,1647,1518,1529,-51.5,-3.26%,25636,45415
TAN22,2022-07-25,1621.5,1665,1455.5,1496,-33.,-2.16%,24335,49330
TAN22,2022-07-26,1511,1514.5,1357,1365,-131.,-8.76%,19876,47484
TAN22,2022-07-27,1380.5,1615,1379.5,1587.5,222.5,+16.30%,54114,62389
TAQ22,2022-07-28,1615.5,1790.5,1603.5,1733,145.5,+9.17%,37628,64353
TAQ22,2022-07-29,1745,1758,1664,1728.5,-4.5,-0.26%,20595,46559
TAQ22,2022-08-01,1736,1736,1614,1626.5,-102.,-5.90%,15745,46989
TAQ22,2022-08-02,1625.5,1685,1562,1639,12.5,+0.77%,15961,46162
TAQ22,2022-08-03,1655.5,1688.5,1593,1658.5,19.5,+1.19%,14163,46343
TAQ22,2022-08-04,1641,1666.5,1581.5,1591,-67.5,-4.07%,13710,46530
TAQ22,2022-08-05,1584,1728.5,1583,1686,95,+5.97%,16558,47473
TAQ22,2022-08-08,1717,1822.5,1692,1788,102,+6.05%,22049,43307
TAQ22,2022-08-09,1772,1795.5,1667.5,1691,-97.,-5.43%,15876,43759
TAQ22,2022-08-10,1714.5,1860,1656,1821.5,130.5,+7.72%,19098,45902
TAQ22,2022-08-11,1865,1946.5,1851,1904,82.5,+4.53%,13820,44712
TAQ22,2022-08-12,1902,1945.5,1856.5,1933,29,+1.52%,10042,44826
TAQ22,2022-08-15,1956,2016.5,1875,1892,-41.,-2.12%,18701,45489
TAQ22,2022-08-16,1910,1921.5,1853,1882.5,-9.5,-0.50%,9074,45964
TAQ22,2022-08-17,1883.5,1961,1819.5,1838.5,-44.,-2.34%,23708,45967
TAQ22,2022-08-18,1834,1886,1821,1870,31.5,+1.71%,9859,47027
TAQ22,2022-08-19,1867,1874,1676,1699.5,-170.5,-9.12%,24995,48436
TAQ22,2022-08-22,1632,1632,1529,1565,-134.5,-7.91%,22676,56152
TAQ22,2022-08-23,1566,1674.5,1561.5,1649.5,84.5,+5.40%,28712,63910
TAQ22,2022-08-24,1652,1695,1604.5,1678.5,29,+1.76%,16011,63077
TAQ22,2022-08-25,1670.5,1720.5,1651.5,1706,27.5,+1.64%,11672,63481
TAU22,2022-08-26,1697.5,1697.5,1513,1537,-169.,-9.91%,25720,41351
TAU22,2022-08-29,1487,1536.5,1405,1515,-22.,-1.43%,21038,41028
TAU22,2022-08-30,1526,1591,1453.5,1528,13,+0.86%,20606,44411
TAU22,2022-08-31,1518,1605.5,1500,1560,32,+2.09%,14367,45212
TAU22,2022-09-01,1565,1570.5,1490,1550,-10.,-0.64%,12973,44863
TAU22,2022-09-02,1573,1636,1524,1536,-14.,-0.90%,13741,46392
TAU22,2022-09-06,1650,1671.5,1530.5,1551.5,15.5,+1.01%,17914,47664
TAU22,2022-09-07,1564,1635,1469.5,1553.5,2,+0.13%,14369,47343
TAU22,2022-09-08,1630,1649,1578,1634.5,81,+5.21%,12492,48271
TAU22,2022-09-09,1622,1738,1611.5,1710,75.5,+4.62%,21660,47147
TAU22,2022-09-12,1726.5,1773,1676,1709,-1.,-0.06%,13250,47417
TAU22,2022-09-13,1701.5,1744.5,1552.5,1584.5,-124.5,-7.28%,33027,47432
TAU22,2022-09-14,1584.5,1600,1530,1577,-7.5,-0.47%,17747,49613
TAU22,2022-09-15,1590.5,1650,1452.5,1494.5,-82.5,-5.23%,38482,51879
TAU22,2022-09-16,1479,1483.5,1403,1427,-67.5,-4.52%,20056,53103
TAU22,2022-09-19,1361,1370,1277.5,1361,-66.,-4.63%,22493,52181
TAU22,2022-09-20,1374,1391,1328,1349,-12.,-0.88%,13493,51893
TAU22,2022-09-21,1321,1419.5,1305,1320.5,-28.5,-2.11%,24294,51702
TAU22,2022-09-22,1251,1335.5,1217.5,1323,2.5,+0.19%,21336,55999
TAU22,2022-09-23,1308,1358,1258.5,1289.5,-33.5,-2.53%,28501,56567
TAU22,2022-09-26,1291,1340,1269,1326.5,37,+2.87%,18627,54116
TAU22,2022-09-27,1303.5,1399.5,1300.5,1323,-3.5,-0.26%,40884,57623
TAU22,2022-09-28,1330.5,1355.5,1246.5,1335,12,+0.91%,36081,58434
TAU22,2022-09-29,1347.5,1351,1288,1334,-1.,-0.07%,43066,63123
TAV22,2022-09-30,1330,1369.5,1306.5,1332,-2.,-0.15%,28626,38362
TAV22,2022-10-03,1275.5,1325.5,1253.5,1312,-20.,-1.50%,18476,38254
TAV22,2022-10-04,1317,1372,1309.5,1353,41,+3.13%,15789,39267
TAV22,2022-10-05,1358,1366,1312,1346.5,-6.5,-0.48%,9065,40104
TAV22,2022-10-06,1342,1383.5,1342,1357,10.5,+0.78%,9715,40291
TAV22,2022-10-07,1345.5,1358.5,1312.5,1324.5,-32.5,-2.39%,11452,42447
TAV22,2022-10-10,1313,1333.5,1291,1302,-22.5,-1.70%,6712,44890
TAV22,2022-10-11,1299,1299.5,1261,1277.5,-24.5,-1.88%,7859,46941
TAV22,2022-10-12,1276,1304,1268,1294,16.5,+1.29%,6074,47829
TAV22,2022-10-13,1296,1298,1173,1282.5,-11.5,-0.89%,27055,44821
TAV22,2022-10-14,1290,1343,1280,1295.5,13,+1.01%,18016,45820
TAV22,2022-10-17,1287.5,1336.5,1287.5,1323.5,28,+2.16%,6099,45774
TAV22,2022-10-18,1332.5,1340.5,1283,1297.5,-26.,-1.96%,13972,45160
TAV22,2022-10-19,1306.5,1312.5,1284.5,1295,-2.5,-0.19%,7509,45412
TAV22,2022-10-20,1289.5,1309,1268,1282,-13.,-1.00%,12472,44147
TAV22,2022-10-21,1283,1305.5,1251.5,1301,19,+1.48%,10690,44293
TAV22,2022-10-24,1327,1370.5,1323.5,1345,44,+3.38%,14462,44353
TAV22,2022-10-25,1347,1527.5,1335,1495,150,+11.15%,31237,46583
TAV22,2022-10-26,1481,1596,1449,1567,72,+4.82%,28288,47221
TAV22,2022-10-27,1554,1587,1510.5,1563,-4.,-0.26%,33006,48925
TAX22,2022-10-28,1525,1581,1481,1562,-1.,-0.06%,21300,24629
TAX22,2022-10-31,1600.5,1638.5,1549,1566,4,+0.26%,14603,24000
TAX22,2022-11-01,1551,1615,1551,1579.5,13.5,+0.86%,8776,26032
TAX22,2022-11-02,1576.5,1622.5,1503,1537.5,-42.,-2.66%,24459,25714
TAX22,2022-11-03,1516,1560,1507,1546,8.5,+0.55%,6160,24835
TAX22,2022-11-04,1540,1681.5,1523,1650,104,+6.73%,16498,25282
TAX22,2022-11-07,1613,1613,1548.5,1602.5,-47.5,-2.88%,10825,23337
TAX22,2022-11-08,1564,1580,1234.5,1308,-294.5,-18.38%,62588,20229
TAX22,2022-11-09,1311.5,1340,1034.5,1134,-174.,-13.30%,50142,24913
TAX22,2022-11-10,1050.5,1310.5,1048,1309,175,+15.43%,42481,26863
TAX22,2022-11-11,1296,1296.5,1160,1209.5,-99.5,-7.60%,38377,30457
TAX22,2022-11-14,1173.5,1259.5,1131,1193.5,-16.,-1.32%,23170,31779
TAX22,2022-11-15,1202.5,1272.5,1202.5,1238.5,45,+3.77%,15093,31606
TAX22,2022-11-16,1232,1256,1157.5,1187.5,-51.,-4.12%,24752,39248
TAX22,2022-11-17,1182.5,1208.5,1155,1187,-0.5,-0.04%,16670,38830
TAX22,2022-11-18,1195.5,1221,1183,1201,14,+1.18%,10627,53451
TAX22,2022-11-21,1152.5,1159.5,1072,1097.5,-103.5,-8.62%,23951,57263
TAX22,2022-11-22,1100.5,1137.5,1067.5,1123.5,26,+2.37%,24915,58332
TAX22,2022-11-23,1131.5,1187.5,1123,1175.5,52,+4.63%,19891,57398
TAZ22,2022-11-25,1147.5,1188,1142,1165,-10.5,-0.89%,8199,20915
TAZ22,2022-11-28,1176,1200,1125.5,1153.5,-11.5,-0.99%,16186,23310
TAZ22,2022-11-29,1147,1208,1135.5,1205.5,52,+4.51%,8385,23446
TAZ22,2022-11-30,1196,1297,1192.5,1292.5,87,+7.22%,12578,19300
TAZ22,2022-12-01,1295.5,1303,1257,1265.5,-27.,-2.09%,11232,20953
TAZ22,2022-12-02,1272,1293.5,1257,1290.5,25,+1.98%,4318,21488
TAZ22,2022-12-05,1273.5,1305,1238.5,1250,-40.5,-3.14%,13197,22378
TAZ22,2022-12-06,1251.5,1263.5,1235.5,1248,-2.,-0.16%,3940,22300
TAZ22,2022-12-07,1259.5,1273.5,1210.5,1227,-21.,-1.68%,10495,22655
TAZ22,2022-12-08,1212.5,1292,1212.5,1277,50,+4.07%,5683,23441
TAZ22,2022-12-09,1282,1293.5,1252.5,1258,-19.,-1.49%,6192,24695
TAZ22,2022-12-12,1260,1276,1235,1263,5,+0.40%,4330,24517
TAZ22,2022-12-13,1241,1348.5,1221.5,1315.5,52.5,+4.16%,14460,24838
TAZ22,2022-12-14,1315,1350.5,1299.5,1308,-7.5,-0.57%,9697,23957
TAZ22,2022-12-15,1310,1310,1258,1269.5,-38.5,-2.94%,8380,24035
TAZ22,2022-12-16,1259.5,1277.5,1178.5,1199,-70.5,-5.55%,22351,25443
TAZ22,2022-12-19,1181,1188,1158.5,1169,-30.,-2.50%,6995,25734
TAZ22,2022-12-20,1147,1229,1144,1210,41,+3.51%,10287,24910
TAZ22,2022-12-21,1216,1218.5,1198.5,1207.5,-2.5,-0.21%,5688,24775
TAZ22,2022-12-22,1209,1235,1177,1213,5.5,+0.46%,8224,25656
TAZ22,2022-12-23,1214.5,1228,1208,1217.5,4.5,+0.37%,3580,25489
TAZ22,2022-12-27,1220,1232,1200,1207.5,-10.,-0.82%,9216,25435
TAZ22,2022-12-28,1210,1212.5,1181,1193.5,-14.,-1.16%,17353,26265
TAZ22,2022-12-29,1184,1207,1184,1197,3.5,+0.29%,7749,25600
TAF23,2022-12-30,1181.5,1194,1165,1189,-8.,-0.67%,3509,12871
TAF23,2023-01-03,1197,1216,1196.5,1204.5,15.5,+1.30%,9632,17838
TAF23,2023-01-04,1206.5,1270,1206,1249,44.5,+3.69%,14053,17268
TAF23,2023-01-05,1253.5,1257.5,1239.5,1251,2,+0.16%,2964,17378
TAF23,2023-01-06,1249.5,1277.5,1235,1265,14,+1.12%,7997,16546
TAF23,2023-01-09,1267,1347,1267,1320.5,55.5,+4.39%,13172,17255
TAF23,2023-01-10,1344,1350,1315.5,1343.5,23,+1.74%,3323,17144
TAF23,2023-01-11,1338.5,1348,1321.5,1342.5,-1.,-0.07%,5691,16789
TAF23,2023-01-12,1355,1440,1354.5,1437,94.5,+7.04%,14837,16181
TAF23,2023-01-13,1423.5,1464,1402,1430,-7.,-0.49%,8437,16164
TAF23,2023-01-17,1526,1610,1524,1588.5,158.5,+11.08%,13954,19274
TAF23,2023-01-18,1575,1612,1502.5,1521.5,-67.,-4.22%,11513,19280
TAF23,2023-01-19,1531,1566,1509,1560.5,39,+2.56%,7790,19901
TAF23,2023-01-20,1553,1658,1544.5,1648.5,88,+5.64%,7858,19675
TAF23,2023-01-23,1628,1652,1589.5,1637,-11.5,-0.70%,14052,20753
TAF23,2023-01-24,1631.5,1643.5,1593.5,1618,-19.,-1.16%,11159,20608
TAF23,2023-01-25,1568,1622.5,1517,1579.5,-38.5,-2.38%,18951,19187
TAF23,2023-01-26,1590,1632.5,1578.5,1607.5,28,+1.77%,17375,20525
TAG23,2023-01-27,1609.5,1632.5,1561.5,1608.5,1,+0.06%,10409,13881
TAG23,2023-01-30,1638,1666,1541,1559,-49.5,-3.08%,10451,14017
TAG23,2023-01-31,1571.5,1614.5,1568,1596.5,37.5,+2.41%,6758,14183
TAG23,2023-02-01,1601,1660,1564,1644.5,48,+3.01%,13754,15518
TAG23,2023-02-02,1651.5,1728.5,1640.5,1690,45.5,+2.77%,19900,15910
TAG23,2023-02-03,1666,1688.5,1635.5,1666,-24.,-1.42%,14665,16129
TAG23,2023-02-06,1647,1668.5,1617,1655.5,-10.5,-0.63%,8563,17891
TAG23,2023-02-07,1632,1687.5,1612,1673,17.5,+1.06%,10618,19014
TAG23,2023-02-08,1678,1706.5,1636,1648,-25.,-1.49%,12555,19289
TAG23,2023-02-09,1651.5,1661,1526,1579,-69.,-4.19%,14688,18294
TAG23,2023-02-10,1538.5,1556.5,1491.5,1530.5,-48.5,-3.07%,9225,16980
TAG23,2023-02-13,1517.5,1525.5,1464,1490.5,-40.,-2.61%,6744,17508
TAG23,2023-02-14,1496.5,1569,1482,1559,68.5,+4.60%,13600,17858
TAG23,2023-02-15,1559,1685,1543.5,1671,112,+7.18%,11094,17599
TAG23,2023-02-16,1671,1748,1669,1687.5,16.5,+0.99%,11022,17070
TAG23,2023-02-17,1653,1726,1633.5,1715.5,28,+1.66%,12975,17766
TAG23,2023-02-21,1689,1723,1638.5,1671.5,-44.,-2.56%,11306,19953
TAG23,2023-02-22,1655,1668,1596,1616.5,-55.,-3.29%,11765,20501
TAG23,2023-02-23,1639.5,1681,1628.5,1652,35.5,+2.20%,10458,21530
TAH23,2023-02-24,1662.5,1673.5,1582.5,1620,-32.,-1.94%,6453,12834
TAH23,2023-02-27,1634,1676.5,1618,1633,13,+0.80%,4369,12691
TAH23,2023-02-28,1643.5,1658.5,1607,1638.5,5.5,+0.34%,2972,13223
TAH23,2023-03-01,1619,1680,1602.5,1651,12.5,+0.76%,3278,13436
TAH23,2023-03-02,1667,1689,1627.5,1653.5,2.5,+0.15%,3521,14633
TAH23,2023-03-03,1657,1659.5,1538,1560.5,-93.,-5.62%,11876,15290
TAH23,2023-03-06,1562,1586.5,1557,1563.5,3,+0.19%,4052,16113
TAH23,2023-03-07,1572,1587.5,1535.5,1549.5,-14.,-0.90%,3007,16097
TAH23,2023-03-08,1548,1572.5,1543.5,1562.5,13,+0.84%,5927,16662
TAH23,2023-03-09,1544,1548.5,1405.5,1412,-150.5,-9.63%,11772,18744
TAH23,2023-03-10,1437,1437.5,1368,1417,5,+0.35%,13409,18406
TAH23,2023-03-13,1450,1702,1450,1684,267,+18.84%,25924,25883
TAH23,2023-03-14,1682,1788,1664,1732,48,+2.85%,15354,21668
TAH23,2023-03-15,1700,1726.5,1618,1654,-78.,-4.50%,8008,21457
TAH23,2023-03-16,1665,1698,1639,1689,35,+2.12%,3003,21843
TAH23,2023-03-17,1677.5,1773.5,1670,1753,64,+3.79%,7353,23860
TAH23,2023-03-20,1800,1821.5,1746.5,1764,11,+0.63%,7484,22211
TAH23,2023-03-21,1762.5,1848.5,1731,1802,38,+2.15%,7782,22136
TAH23,2023-03-22,1805,1831.5,1717,1725,-77.,-4.27%,5309,21628
TAH23,2023-03-23,1730,1868,1720.5,1831,106,+6.14%,9351,22894
TAH23,2023-03-24,1829,1830.5,1731.5,1768.5,-62.5,-3.41%,13826,24584
TAH23,2023-03-27,1839,1839,1688,1705,-63.5,-3.59%,4968,24450
TAH23,2023-03-28,1716.5,1798.5,1703.5,1787.5,82.5,+4.84%,7657,25299
TAH23,2023-03-29,1774,1829,1769.5,1811.5,24,+1.34%,5895,25136
TAH23,2023-03-30,1785,1831,1764.5,1781.5,-30.,-1.66%,7577,25673
TAJ23,2023-03-31,1804.5,1872.5,1789.5,1847,65.5,+3.68%,9142,10477
TAJ23,2023-04-03,1835,1851,1773,1830.5,-16.5,-0.89%,10480,11019
TAJ23,2023-04-04,1802.5,1904,1802.5,1879.5,49,+2.68%,12217,11591
TAJ23,2023-04-05,1885.5,1954,1870.5,1921.5,42,+2.23%,20502,12510
TAJ23,2023-04-06,1920,1923.5,1859,1878.5,-43.,-2.24%,8422,12734
TAJ23,2023-04-07,1871,1891.5,1846,1863,-15.5,-0.83%,5291,13354
TAJ23,2023-04-10,1894,1919.5,1851.5,1902.5,39.5,+2.12%,11187,13407
TAJ23,2023-04-11,1900,1952,1890,1903.5,1,+0.05%,11513,13295
TAJ23,2023-04-12,1906,1948.5,1860.5,1912.5,9,+0.47%,11982,13427
TAJ23,2023-04-13,1929,2038.5,1908,2026.5,114,+5.96%,22276,12906
TAJ23,2023-04-14,2018,2149,2017.5,2100.5,74,+3.65%,28880,13878
TAJ23,2023-04-17,2128,2145,2066.5,2088.5,-12.,-0.57%,6878,13557
TAJ23,2023-04-18,2085,2133,2056.5,2087.5,-1.,-0.05%,7252,14102
TAJ23,2023-04-19,2098.5,2114.5,1948,1984.5,-103.,-4.93%,19619,14806
TAJ23,2023-04-20,1961,1985,1916.5,1928,-56.5,-2.85%,13399,14007
TAJ23,2023-04-21,1945,1956.5,1825,1844.5,-83.5,-4.33%,13857,15010
TAJ23,2023-04-24,1898.5,1898.5,1806,1832.5,-12.,-0.65%,11119,15848
TAJ23,2023-04-25,1840,1864.5,1799.5,1839,6.5,+0.35%,7873,17407
TAJ23,2023-04-26,1867,1965,1784.5,1828.5,-10.5,-0.57%,18470,19836
TAJ23,2023-04-27,1874.5,1937.5,1855.5,1922.5,94,+5.14%,18735,21489
TAK23,2023-04-28,1875.5,1932,1875.5,1901.5,-21.,-1.09%,7643,11718
TAK23,2023-05-01,1916,1916,1807.5,1819,-82.5,-4.34%,7615,12478
TAK23,2023-05-02,1823.5,1885.5,1822,1873.5,54.5,+3.00%,5812,13348
TAK23,2023-05-03,1877.5,1904.5,1846.5,1872.5,-1.,-0.05%,5902,13723
TAK23,2023-05-04,1899.5,1924,1868.5,1878.5,6,+0.32%,4423,14036
TAK23,2023-05-05,1882,2011.5,1875,2004.5,126,+6.71%,16334,14148
TAK23,2023-05-08,1980,1980,1815,1832.5,-172.,-8.58%,13318,14141
TAK23,2023-05-09,1843.5,1864,1833.5,1854.5,22,+1.20%,2598,13732
TAK23,2023-05-10,1846,1890,1790,1853.5,-1.,-0.05%,11786,13299
TAK23,2023-05-11,1839,1850.5,1770,1785.5,-68.,-3.67%,7823,13612
TAK23,2023-05-12,1796.5,1802,1739.5,1792,6.5,+0.36%,7649,14071
TAK23,2023-05-15,1789,1852.5,1787,1829.5,37.5,+2.09%,5522,13950
TAK23,2023-05-16,1825,1834,1797.5,1818,-11.5,-0.63%,5034,13818
TAK23,2023-05-17,1827,1838,1784,1830.5,12.5,+0.69%,6586,14781
TAK23,2023-05-18,1825.5,1834,1772.5,1797,-33.5,-1.83%,2916,15097
TAK23,2023-05-19,1814,1832.5,1799,1814,17,+0.95%,3953,14903
TAK23,2023-05-22,1829,1839,1792,1817.5,3.5,+0.19%,5773,14963
TAK23,2023-05-23,1819.5,1879.5,1816.5,1854,36.5,+2.01%,12103,16139
TAK23,2023-05-24,1855.5,1858.5,1773,1791,-63.,-3.40%,9270,17255
TAK23,2023-05-25,1798,1819,1758.5,1809.5,18.5,+1.03%,9209,17647
TAM23,2023-05-26,1808,1845.5,1797,1843.5,34,+1.88%,7765,10762
TAM23,2023-05-30,1851,1938,1851,1920,76.5,+4.15%,10117,13041
TAM23,2023-05-31,1915,1918.5,1852.5,1870,-50.,-2.60%,4697,13240
TAM23,2023-06-01,1873.5,1897,1845.5,1875,5,+0.27%,4931,13346
TAM23,2023-06-02,1871.5,1921,1853.5,1917,42,+2.24%,4784,13788
TAM23,2023-06-05,1918,1920.5,1783.5,1810.5,-106.5,-5.56%,13613,15417
TAM23,2023-06-06,1806.5,1911.5,1799,1908,97.5,+5.39%,8747,15037
TAM23,2023-06-07,1887.5,1913,1841,1859,-49.,-2.57%,3123,15009
TAM23,2023-06-08,1826,1874,1823.5,1856,-3.,-0.16%,2420,15019
TAM23,2023-06-09,1860.5,1863.5,1833.5,1836,-20.,-1.08%,3226,15736
TAM23,2023-06-12,1827.5,1827.5,1722,1736,-100.,-5.45%,7125,15765
TAM23,2023-06-13,1750,1770.5,1726.5,1742.5,6.5,+0.37%,2907,15794
TAM23,2023-06-14,1741,1753,1629,1730,-12.5,-0.72%,7887,15840
TAM23,2023-06-15,1660,1671,1623.5,1667,-63.,-3.64%,4324,16413
TAM23,2023-06-16,1666,1730.5,1646,1723.5,56.5,+3.39%,4115,16005
TAM23,2023-06-20,1728,1799.5,1700.5,1789,65.5,+3.80%,8448,15458
TAM23,2023-06-21,1782,1913,1782,1891.5,102.5,+5.73%,14612,17014
TAM23,2023-06-22,1862.5,1945,1862,1898.5,7,+0.37%,7534,18246
TAM23,2023-06-23,1885,1952,1871.5,1914,15.5,+0.82%,9234,20275
TAM23,2023-06-26,1895.5,1920,1841.5,1857.5,-56.5,-2.95%,13837,21327
TAM23,2023-06-27,1852.5,1917.5,1851,1896.5,39,+2.10%,6440,19911
TAM23,2023-06-28,1898.5,1898.5,1816.5,1833,-63.5,-3.35%,10974,19278
TAM23,2023-06-29,1833.5,1880.5,1827,1858,25,+1.36%,5776,19259
TAN23,2023-06-30,1877.5,1971,1840.5,1950.5,92.5,+4.98%,18733,13941
TAN23,2023-07-03,1942.5,2001,1932,1990.5,40,+2.05%,10998,14699
TAN23,2023-07-05,1973,1990.5,1910,1925,-65.5,-3.29%,12084,16526
TAN23,2023-07-06,1922,1975.5,1878,1899.5,-25.5,-1.32%,7665,16206
TAN23,2023-07-07,1884,1891,1839,1875,-24.5,-1.29%,3380,16004
TAN23,2023-07-10,1882.5,1919.5,1858,1911,36,+1.92%,2872,16125
TAN23,2023-07-11,1887.5,1903,1871.5,1885.5,-25.5,-1.33%,2257,16492
TAN23,2023-07-12,1886,1913.5,1875.5,1879,-6.5,-0.34%,6582,17132
TAN23,2023-07-13,1878.5,2029.5,1870.5,2011.5,132.5,+7.05%,22987,18033
TAN23,2023-07-14,1995.5,2047.5,1908,1922.5,-89.,-4.42%,14683,20022
TAN23,2023-07-17,1938.5,1949.5,1878.5,1893.5,-29.,-1.51%,5868,20660
TAN23,2023-07-18,1921.5,1924.5,1880,1896,2.5,+0.13%,2461,20560
TAN23,2023-07-19,1901,1927.5,1897,1913,17,+0.90%,3829,20212
TAN23,2023-07-20,1900,1933.5,1878.5,1890.5,-22.5,-1.18%,3687,19563
TAN23,2023-07-21,1897.5,1909,1887,1896,5.5,+0.29%,1753,19212
TAN23,2023-07-24,1880,1893,1831,1851,-45.,-2.37%,7842,18087
TAN23,2023-07-25,1851.5,1869,1847,1856,5,+0.27%,4606,17525
TAN23,2023-07-26,1861.5,1889.5,1848,1875,19,+1.02%,2245,17497
TAN23,2023-07-27,1871.5,1886.5,1854.5,1861,-14.,-0.75%,4826,17807
TAQ23,2023-07-28,1869.5,1897,1864,1886,25,+1.34%,5416,11648
TAQ23,2023-07-31,1875,1889,1861,1867,-19.,-1.01%,4718,11663
TAQ23,2023-08-01,1869,1875,1816,1858,-9.,-0.48%,8293,11434
TAQ23,2023-08-02,1857,1887,1818.5,1848.5,-9.5,-0.51%,8209,11516
TAQ23,2023-08-03,1850,1868,1830.5,1852,3.5,+0.19%,1697,11542
TAQ23,2023-08-04,1838,1858.5,1820,1837,-15.,-0.81%,1277,12415
TAQ23,2023-08-07,1832,1853,1803,1829.5,-7.5,-0.41%,4367,12372
TAQ23,2023-08-08,1833.5,1883.5,1832,1867.5,38,+2.08%,3654,12196
TAQ23,2023-08-09,1865,1880,1852,1855,-12.5,-0.67%,1561,11998
TAQ23,2023-08-10,1861,1873.5,1852,1855,0,0.00%,2040,11061
TAQ23,2023-08-11,1857.5,1864,1842.5,1848,-7.,-0.38%,1025,10776
TAQ23,2023-08-14,1854,1861.5,1836.5,1845.5,-2.5,-0.14%,958,10712
TAQ23,2023-08-15,1846.5,1851,1814.5,1830.5,-15.,-0.81%,1554,10408
TAQ23,2023-08-16,1831,1833,1798.5,1822.5,-8.,-0.44%,1994,10405
TAQ23,2023-08-17,1816,1817,1708,1739,-83.5,-4.58%,13603,11057
TAQ23,2023-08-18,1680,1717.5,1606,1656,-83.,-4.77%,15216,12898
TAQ23,2023-08-21,1672.5,1687,1648,1671.5,15.5,+0.94%,3407,12966
TAQ23,2023-08-22,1675.5,1675.5,1617.5,1624,-47.5,-2.84%,3957,13302
TAQ23,2023-08-23,1601,1701,1601,1687,63,+3.88%,5449,13480
TAQ23,2023-08-24,1666,1682,1634.5,1648,-39.,-2.31%,7344,14556
TAU23,2023-08-25,1658,1678.5,1637,1648.5,0.5,+0.03%,4047,9704
TAU23,2023-08-28,1646,1665,1625,1650,1.5,+0.09%,2600,9757
TAU23,2023-08-29,1653,1754.5,1642,1742,92,+5.58%,9919,10932
TAU23,2023-08-30,1728.5,1738,1699,1703.5,-38.5,-2.21%,2983,11059
TAU23,2023-08-31,1709,1730.5,1644,1658,-45.5,-2.67%,7280,11062
TAU23,2023-09-01,1643.5,1653.5,1601,1619,-39.,-2.35%,4829,11446
TAU23,2023-09-05,1640.5,1647,1607,1631.5,12.5,+0.77%,3203,11331
TAU23,2023-09-06,1633.5,1669,1605.5,1629.5,-2.,-0.12%,6908,11186
TAU23,2023-09-07,1632,1641,1619.5,1635.5,6,+0.37%,1066,11034
TAU23,2023-09-08,1648,1658.5,1614.5,1634.5,-1.,-0.06%,1549,10559
TAU23,2023-09-11,1615.5,1615.5,1529,1536,-98.5,-6.03%,6208,11082
TAU23,2023-09-12,1540,1623,1540,1595.5,59.5,+3.87%,4882,12651
TAU23,2023-09-13,1596,1618,1578.5,1598,2.5,+0.16%,4193,12308
TAU23,2023-09-14,1605,1645,1605,1635.5,37.5,+2.35%,3105,12374
TAU23,2023-09-15,1631,1637,1609,1621.5,-14.,-0.86%,1906,12307
TAU23,2023-09-18,1612.5,1671,1603,1640.5,19,+1.17%,4606,11679
TAU23,2023-09-19,1638,1661.5,1625,1645,4.5,+0.27%,1598,10956
TAU23,2023-09-20,1635,1650.5,1603,1614.5,-30.5,-1.85%,3365,12062
TAU23,2023-09-21,1617,1623.5,1565.5,1589.5,-25.,-1.55%,2677,12715
TAU23,2023-09-22,1580,1601.5,1575.5,1592.5,3,+0.19%,2916,12248
TAU23,2023-09-25,1596,1601,1561,1593,0.5,+0.03%,5398,13125
TAU23,2023-09-26,1586.5,1599,1580,1589,-4.,-0.25%,1629,12868
TAU23,2023-09-27,1586,1634,1581.5,1597,8,+0.50%,6212,12359
TAV23,2023-09-28,1595,1677.5,1595,1667,70,+4.38%,8841,13209
TAV23,2023-09-29,1664,1697,1656.5,1674.5,7.5,+0.45%,6373,10405
TAV23,2023-10-02,1680,1762.5,1642,1680,5.5,+0.33%,17274,11158
TAV23,2023-10-03,1664.5,1677,1647,1655,-25.,-1.49%,8105,11055
TAV23,2023-10-04,1654.5,1665,1625,1646,-9.,-0.54%,6637,10269
TAV23,2023-10-05,1645,1658,1608.5,1618.5,-27.5,-1.67%,5630,10569
TAV23,2023-10-06,1616,1659.5,1611,1651,32.5,+2.01%,4478,13049
TAV23,2023-10-09,1629.5,1637,1544.5,1581.5,-69.5,-4.21%,12399,14470
TAV23,2023-10-10,1579,1594.5,1550.5,1563.5,-18.,-1.14%,2905,15064
TAV23,2023-10-11,1562.5,1577,1542,1560.5,-3.,-0.19%,6118,15226
TAV23,2023-10-12,1565.5,1567,1515.5,1528,-32.5,-2.08%,4660,16367
TAV23,2023-10-13,1528,1560,1528,1543.5,15.5,+1.01%,4119,18143
TAV23,2023-10-16,1561.5,1647.5,1552,1588,44.5,+2.88%,24359,21452
TAV23,2023-10-17,1590,1605,1550.5,1562.5,-25.5,-1.61%,3446,22383
TAV23,2023-10-18,1557.5,1585.5,1557.5,1561.5,-1.,-0.06%,3196,22174
TAV23,2023-10-19,1564.5,1574,1539,1568,6.5,+0.42%,5869,22390
TAV23,2023-10-20,1566.5,1634.5,1562,1610,42,+2.68%,11794,25193
TAV23,2023-10-23,1631.5,1724,1631.5,1712.5,102.5,+6.37%,18880,23706
TAV23,2023-10-24,1723.5,1857,1717.5,1781.5,69,+4.03%,28219,23915
TAV23,2023-10-25,1788.5,1823,1763.5,1794.5,13,+0.73%,12966,26282
TAX23,2023-10-26,1804,1893,1778,1810,15.5,+0.86%,27739,25606
TAX23,2023-10-27,1813.5,1825.5,1757,1790,-20.,-1.10%,11635,15298
TAX23,2023-10-30,1812.5,1847.5,1790,1817,27,+1.51%,4454,16116
TAX23,2023-10-31,1824.5,1836.5,1796.5,1830.5,13.5,+0.74%,2090,16495
TAX23,2023-11-01,1830.5,1879.5,1798,1858.5,28,+1.53%,7619,18746
TAX23,2023-11-02,1878.5,1907,1799.5,1827.5,-31.,-1.67%,5232,18243
TAX23,2023-11-03,1815,1849.5,1790.5,1833,5.5,+0.30%,3702,18090
TAX23,2023-11-06,1864,1939,1864,1909,76,+4.15%,8324,17879
TAX23,2023-11-07,1916.5,1923.5,1863,1919,10,+0.52%,4840,17042
TAX23,2023-11-08,1899,1921.5,1886,1911.5,-7.5,-0.39%,2647,16100
TAX23,2023-11-09,1908.5,2103,1898,2054.5,143,+7.48%,31966,17366
TAX23,2023-11-10,2105,2153.5,2080.5,2108.5,54,+2.63%,8688,19093
TAX23,2023-11-13,2123.5,2132.5,2039,2100,-8.5,-0.40%,14662,18668
TAX23,2023-11-14,2070,2082.5,1933.5,1984,-116.,-5.52%,14404,19832
TAX23,2023-11-15,1994.5,2074,1975.5,2056,72,+3.63%,7273,22149
TAX23,2023-11-16,2064,2099,1948,1961.5,-94.5,-4.60%,12542,22302
TAX23,2023-11-17,1969.5,1997.5,1913,1949,-12.5,-0.64%,9265,21397
TAX23,2023-11-20,1977.5,2072.5,1967.5,2039.5,90.5,+4.64%,14306,21310
TAX23,2023-11-21,2032.5,2040.5,1954.5,1992.5,-47.,-2.30%,20512,18950
TAX23,2023-11-22,1952.5,2092.5,1931,2078,85.5,+4.29%,16003,20370
TAZ23,2023-11-24,2109,2186.5,2082.5,2152.5,74.5,+3.59%,9805,14590
TAZ23,2023-11-27,2109.5,2114,2009,2020,-132.5,-6.16%,10176,17322
TAZ23,2023-11-28,2049.5,2115.5,2019,2100.5,80.5,+3.99%,5657,17532
TAZ23,2023-11-29,2088,2107,2044.5,2051.5,-49.,-2.33%,3493,17864
TAZ23,2023-11-30,2055.5,2076.5,2044.5,2069,17.5,+0.85%,4199,17945
TAZ23,2023-12-01,2076.5,2150,2066,2118,49,+2.37%,12052,20501
TAZ23,2023-12-04,2204,2307,2204,2255,137,+6.47%,19274,22262
TAZ23,2023-12-05,2248,2340,2212,2292,37,+1.64%,22321,24202
TAZ23,2023-12-06,2303.5,2340,2256,2275.5,-16.5,-0.72%,9476,24552
TAZ23,2023-12-07,2254,2408.5,2244,2371,95.5,+4.20%,21207,26305
TAZ23,2023-12-08,2381,2419,2359,2389.5,18.5,+0.78%,10164,25638
TAZ23,2023-12-11,2395,2395,2127.5,2213,-176.5,-7.39%,30682,24440
TAZ23,2023-12-12,2224,2257,2176,2197,-16.,-0.72%,9802,25777
TAZ23,2023-12-13,2198.5,2284,2157.5,2276,79,+3.60%,13972,25924
TAZ23,2023-12-14,2280.5,2332.5,2242.5,2305,29,+1.27%,11010,27268
TAZ23,2023-12-15,2314.5,2349,2235.5,2261,-44.,-1.91%,8895,27577
TAZ23,2023-12-18,2247.5,2247.5,2124,2193,-68.,-3.01%,16891,28504
TAZ23,2023-12-19,2214,2267.5,2141.5,2177,-16.,-0.73%,21550,30286
TAZ23,2023-12-20,2185,2276,2164.5,2189.5,12.5,+0.57%,14710,29160
TAZ23,2023-12-21,2193,2289,2190,2245.5,56,+2.56%,8450,29816
TAZ23,2023-12-22,2262.5,2353.5,2240.5,2322.5,77,+3.43%,22180,32300
TAZ23,2023-12-26,2309,2309,2182.5,2219,-103.5,-4.46%,23972,29053
TAZ23,2023-12-27,2229,2381.5,2215,2357.5,138.5,+6.24%,16181,30521
TAZ23,2023-12-28,2374,2450,2341,2355.5,-2.,-0.08%,28540,32958
TAF24,2023-12-29,2393.5,2422.5,2316.5,2337.5,-18.,-0.76%,19252,18733
TAF24,2024-01-02,2330,2479.5,2330,2392.5,55,+2.35%,25885,20558
TAF24,2024-01-03,2379,2413,2085,2240.5,-152.,-6.35%,25138,22672
TAF24,2024-01-04,2233.5,2324,2221.5,2297,56.5,+2.52%,17926,22893
TAF24,2024-01-05,2298.5,2299.5,2225.5,2268.5,-28.5,-1.24%,12073,21762
TAF24,2024-01-08,2235,2384.5,2180.5,2361.5,93,+4.10%,31208,20454
TAF24,2024-01-09,2364.5,2395,2244,2266.5,-95.,-4.02%,28464,21593
TAF24,2024-01-10,2360,2551.5,2332.5,2503,236.5,+10.43%,52622,33295
TAF24,2024-01-11,2469.5,2715,2469.5,2603.5,100.5,+4.02%,47462,29797
TAF24,2024-01-12,2580,2731.5,2514.5,2572.5,-31.,-1.19%,39769,34056
TAF24,2024-01-16,2525.5,2624,2471,2596.5,24,+0.93%,30523,37812
TAF24,2024-01-17,2600,2616,2521.5,2547,-49.5,-1.91%,10778,37437
TAF24,2024-01-18,2530,2556,2424.5,2450,-97.,-3.81%,14813,36199
TAF24,2024-01-19,2476.5,2509,2416,2487,37,+1.51%,16538,37282
TAF24,2024-01-22,2470,2470,2305,2340,-147.,-5.91%,17773,33430
TAF24,2024-01-23,2310,2351.5,2165.5,2198,-142.,-6.07%,19266,35996
TAF24,2024-01-24,2221,2259,2194,2201.5,3.5,+0.16%,10262,34121
TAF24,2024-01-25,2220,2240.5,2169,2216.5,15,+0.68%,14945,34233
TAG24,2024-01-26,2251,2293,2205,2273,56.5,+2.55%,12203,14230
TAG24,2024-01-29,2270,2327,2243.5,2318.5,45.5,+2.00%,3920,14442
TAG24,2024-01-30,2329,2408.5,2313,2391.5,73,+3.15%,3745,15161
TAG24,2024-01-31,2382,2385.5,2275.5,2298.5,-93.,-3.89%,9643,17117
TAG24,2024-02-01,2294,2323.5,2249.5,2307,8.5,+0.37%,4046,16765
TAG24,2024-02-02,2309,2332.5,2288,2307.5,0.5,+0.02%,4815,15736
TAG24,2024-02-05,2300,2345.5,2271,2299.5,-8.,-0.35%,13845,14851
TAG24,2024-02-06,2297.5,2406.5,2294,2393,93.5,+4.07%,13090,17084
TAG24,2024-02-07,2396,2461,2363,2454.5,61.5,+2.57%,13227,18450
TAG24,2024-02-08,2441,2478.5,2427,2443,-11.5,-0.47%,11941,19342
TAG24,2024-02-09,2439.5,2538.5,2431.5,2504,61,+2.50%,9934,20137
TAG24,2024-02-12,2475,2669,2443,2657.5,153.5,+6.13%,17145,19725
TAG24,2024-02-13,2672.5,2702,2605,2644.5,-13.,-0.49%,16041,18346
TAG24,2024-02-14,2639.5,2805.5,2634.5,2784,139.5,+5.28%,88018,21007
TAG24,2024-02-15,2791.5,2887.5,2776.5,2847,63,+2.26%,11253,22826
TAG24,2024-02-16,2821.5,2876.5,2756.5,2797,-50.,-1.76%,9052,22812
TAG24,2024-02-20,2850,3014,2850,2985,188,+6.72%,21324,23224
TAG24,2024-02-21,3009,3044,2870.5,2908.5,-76.5,-2.56%,18215,25328
TAG24,2024-02-22,2938.5,3035.5,2908,3011.5,103,+3.54%,22705,25502
TAH24,2024-02-23,3024,3036,2955,2998.5,-13.,-0.43%,17262,18188
TAH24,2024-02-26,3080,3251.5,3072,3238.5,240,+8.00%,21351,21036
TAH24,2024-02-27,3263.5,3340.5,3216,3298,59.5,+1.84%,16084,27250
TAH24,2024-02-28,3291.5,3539,3229,3334,36,+1.09%,42711,33059
TAH24,2024-02-29,3386,3566.5,3350,3444,110,+3.30%,24523,35922
TAH24,2024-03-01,3372.5,3502.5,3367,3497.5,53.5,+1.55%,16639,37469
TAH24,2024-03-04,3560,3656.5,3458,3632.5,135,+3.86%,31598,45961
TAH24,2024-03-05,3656,3877,3302,3429.5,-203.,-5.59%,76539,47400
TAH24,2024-03-06,3540.5,3953.5,3537.5,3907.5,478,+13.94%,40659,49344
TAH24,2024-03-07,3850,3978,3774,3975,67.5,+1.73%,17729,51374
TAH24,2024-03-08,3901,4041.5,3856,3987,12,+0.30%,26865,47873
TAH24,2024-03-11,3956.5,4135,3760,4073.5,86.5,+2.17%,21105,50197
TAH24,2024-03-12,4089.5,4136.5,3852.5,4006,-67.5,-1.66%,16459,51845
TAH24,2024-03-13,3990,4124.5,3961.5,4032,26,+0.65%,13757,51042
TAH24,2024-03-14,4023.5,4049,3734.5,3797.5,-234.5,-5.82%,17250,52178
TAH24,2024-03-15,3875,3960,3589,3706,-91.5,-2.41%,20429,50648
TAH24,2024-03-18,3630,3703,3470,3492,-214.,-5.77%,11837,51562
TAH24,2024-03-19,3536,3559,3212,3347.5,-144.5,-4.14%,16368,49906
TAH24,2024-03-20,3295,3500,3065,3387,39.5,+1.18%,39757,45323
TAH24,2024-03-21,3495,3588.5,3417.5,3455,68,+2.01%,16915,43857
TAH24,2024-03-22,3501,3547,3283,3347,-108.,-3.13%,15135,44387
TAH24,2024-03-25,3413.5,3662,3411,3647,300,+8.96%,17486,47004
TAH24,2024-03-26,3605.5,3674.5,3546,3560,-87.,-2.39%,16611,46054
TAH24,2024-03-27,3589.5,3666,3454,3487,-73.,-2.05%,22608,44964
TAJ24,2024-03-28,3535.5,3652,3496.5,3604.5,117.5,+3.37%,15100,19045
TAJ24,2024-04-01,3648.5,3708,3441.5,3516.5,-88.,-2.44%,16198,19970
TAJ24,2024-04-02,3508.5,3544,3235,3302.5,-214.,-6.09%,12500,21527
TAJ24,2024-04-03,3291,3396,3218.5,3343.5,41,+1.24%,6685,21785
TAJ24,2024-04-04,3342,3468,3268.5,3381.5,38,+1.14%,9526,24223
TAJ24,2024-04-05,3338,3366.5,3224,3337,-44.5,-1.32%,10637,24918
TAJ24,2024-04-08,3365,3739,3365,3727,390,+11.69%,15236,23649
TAJ24,2024-04-09,3736,3758.5,3461.5,3530.5,-196.5,-5.27%,21030,24560
TAJ24,2024-04-10,3523.5,3565.5,3421.5,3535,4.5,+0.13%,21403,26928
TAJ24,2024-04-11,3534,3633.5,3487,3533,-2.,-0.06%,13891,25727
TAJ24,2024-04-12,3528,3570.5,3080,3214.5,-318.5,-9.02%,33509,24628
TAJ24,2024-04-15,3288,3292,3032.5,3109,-105.5,-3.28%,23286,27060
TAJ24,2024-04-16,3109,3135,2977.5,3063,-46.,-1.48%,13865,25950
TAJ24,2024-04-17,3100.5,3125,2915.5,3006.5,-56.5,-1.84%,38741,29201
TAJ24,2024-04-18,3003,3099.5,2955,3070,63.5,+2.11%,49410,36041
TAJ24,2024-04-19,3048.5,3133,2865,3106.5,36.5,+1.19%,43036,37201
TAJ24,2024-04-22,3103,3240.5,3103,3190,83.5,+2.69%,23112,35584
TAJ24,2024-04-23,3196,3282,3152,3221,31,+0.97%,22031,34745
TAJ24,2024-04-24,3206,3294.5,3103,3132.5,-88.5,-2.75%,47293,34050
TAJ24,2024-04-25,3127,3181,3070.5,3164,31.5,+1.01%,19635,31545
TAK24,2024-04-26,3194,3197.5,3122,3160,-4.,-0.13%,21627,12771
TAK24,2024-04-29,3182,3369.5,3125,3200.5,40.5,+1.28%,21753,17390
TAK24,2024-04-30,3188,3271,2922,2929.5,-271.,-8.47%,33177,19442
TAK24,2024-05-01,2972.5,3030.5,2825.5,2933,3.5,+0.12%,26905,19630
TAK24,2024-05-02,2957,3023.5,2899.5,3010.5,77.5,+2.64%,12923,19813
TAK24,2024-05-03,3007,3148.5,2973.5,3095.5,85,+2.82%,29935,20650
TAK24,2024-05-06,3144.5,3249,3063.5,3086.5,-9.,-0.29%,15586,22371
TAK24,2024-05-07,3103,3149,3037,3063,-23.5,-0.76%,14814,22232
TAK24,2024-05-08,3057,3068.5,2944.5,3005,-58.,-1.89%,11219,23830
TAK24,2024-05-09,2968,3040,2957,3031,26,+0.87%,13732,20227
TAK24,2024-05-10,3030.5,3069,2881.5,2903.5,-127.5,-4.21%,23320,19865
TAK24,2024-05-13,2921.5,3005.5,2870,2967,63.5,+2.19%,16866,19817
TAK24,2024-05-14,2961.5,2969,2867,2901,-66.,-2.22%,14341,20427
TAK24,2024-05-15,2905,3046.5,2869.5,3040.5,139.5,+4.81%,17876,21405
TAK24,2024-05-16,3032.5,3058.5,2936.5,2955.5,-85.,-2.80%,14167,21408
TAK24,2024-05-17,2948,3137,2933,3102,146.5,+4.96%,16440,21393
TAK24,2024-05-20,3095.5,3608.5,3056,3459.5,357.5,+11.52%,64591,31709
TAK24,2024-05-21,3498,3864.5,3498,3729.5,270,+7.80%,71048,36274
TAK24,2024-05-22,3765,3843.5,3673.5,3746.5,17,+0.46%,33840,37805
TAK24,2024-05-23,3778,3965.5,3526,3794.5,48,+1.28%,57807,29737
TAK24,2024-05-24,3852,3874,3632.5,3755,-39.5,-1.04%,28375,29608
TAK24,2024-05-28,3763,3982.5,3763,3841.5,86.5,+2.30%,33296,29487
TAK24,2024-05-29,3838,3887.5,3743,3748,-93.5,-2.43%,21612,30143
TAK24,2024-05-30,3783.5,3830.5,3704,3764,16,+0.43%,27328,32092
TAM24,2024-05-31,3780.5,3883.5,3745,3809,45,+1.20%,34092,21577
TAM24,2024-06-03,3826,3886,3782,3797,-12.,-0.32%,28547,26543
TAM24,2024-06-04,3795.5,3867,3750,3832,35,+0.92%,28602,28733
TAM24,2024-06-05,3847.5,3922.5,3802,3913.5,81.5,+2.13%,34304,33459
TAM24,2024-06-06,3892.5,3911.5,3786,3820,-93.5,-2.39%,23098,36421
TAM24,2024-06-07,3817,3877.5,3593.5,3709.5,-110.5,-2.89%,38424,34583
TAM24,2024-06-10,3721,3750,3662,3690,-19.5,-0.53%,21159,38499
TAM24,2024-06-11,3692,3695,3439.5,3508,-182.,-4.93%,36394,41867
TAM24,2024-06-12,3510.5,3670,3471,3541.5,33.5,+0.95%,28905,43105
TAM24,2024-06-13,3570,3582.5,3436,3493.5,-48.,-1.36%,25748,45580
TAM24,2024-06-14,3496,3546,3368.5,3410,-83.5,-2.39%,23235,50220
TAM24,2024-06-17,3500,3670,3471.5,3563.5,153.5,+4.50%,30739,47799
TAM24,2024-06-18,3530,3540,3353.5,3427,-136.5,-3.83%,18363,47014
TAM24,2024-06-20,3473.5,3630,3471.5,3535.5,108.5,+3.17%,39429,48606
TAM24,2024-06-21,3526.5,3549,3446,3534.5,-1.,-0.03%,19848,46923
TAM24,2024-06-24,3503.5,3503.5,3222.5,3287,-247.5,-7.00%,37572,49359
TAM24,2024-06-25,3327,3429.5,3326,3417,130,+3.95%,29585,49936
TAM24,2024-06-26,3405,3424.5,3323.5,3408,-9.,-0.26%,28643,49541
TAM24,2024-06-27,3390.5,3479,3359.5,3444.5,36.5,+1.07%,29395,50058
TAN24,2024-06-28,3461.5,3506,3371.5,3381,-63.5,-1.84%,23316,19648
TAN24,2024-07-01,3408,3543.5,3398,3489.5,108.5,+3.21%,21183,19177
TAN24,2024-07-02,3477.5,3480.5,3406,3421.5,-68.,-1.95%,17592,23028
TAN24,2024-07-03,3426.5,3440.5,3256.5,3266.5,-155.,-4.53%,19123,25451
TAN24,2024-07-05,3290,3318,2813,2997,-269.5,-8.25%,62429,33333
TAN24,2024-07-08,2970,3108.5,2834.5,3014.5,17.5,+0.58%,42176,31654
TAN24,2024-07-09,3033,3121.5,3008.5,3075.5,61,+2.02%,20273,31104
TAN24,2024-07-10,3063.5,3162,3029.5,3117,41.5,+1.35%,17597,32298
TAN24,2024-07-11,3115,3226.5,3059.5,3114.5,-2.5,-0.08%,16220,33715
TAN24,2024-07-12,3128.5,3168,3051.5,3126.5,12,+0.39%,22028,37148
TAN24,2024-07-15,3245,3461,3242,3422.5,296,+9.47%,33792,36708
TAN24,2024-07-16,3439,3511.5,3358,3490,67.5,+1.97%,25454,38409
TAN24,2024-07-17,3453,3534.5,3384,3426.5,-63.5,-1.82%,21690,36765
TAN24,2024-07-18,3418,3503.5,3374,3412.5,-14.,-0.41%,20407,36952
TAN24,2024-07-19,3433.5,3557,3385.5,3537.5,125,+3.66%,33204,40434
TAN24,2024-07-22,3529.5,3572.5,3441.5,3505.5,-32.,-0.90%,24588,43189
TAN24,2024-07-23,3481.5,3549.5,3392.5,3459,-46.5,-1.33%,55133,38916
TAN24,2024-07-24,3469,3504.5,3356.5,3364.5,-94.5,-2.73%,29596,37491
TAN24,2024-07-25,3360,3360,3087,3123.5,-241.,-7.16%,57484,39199
TAQ24,2024-07-26,3190,3318.5,3187,3307,183.5,+5.87%,51890,19502
TAQ24,2024-07-29,3286,3431,3280,3336.5,29.5,+0.89%,31075,21202
TAQ24,2024-07-30,3363.5,3395.5,3258,3294.5,-42.,-1.26%,38242,19764
TAQ24,2024-07-31,3308.5,3378,3242,3292,-2.5,-0.08%,32610,17728
TAQ24,2024-08-01,3255,3270,3096.5,3155,-137.,-4.16%,47068,22222
TAQ24,2024-08-02,3194,3240.5,3000.5,3025,-130.,-4.12%,60808,24806
TAQ24,2024-08-05,2965,2975.5,2122.5,2424.5,-600.5,-19.85%,247461,56962
TAQ24,2024-08-06,2544,2569,2426.5,2509,84.5,+3.49%,61751,63171
TAQ24,2024-08-07,2507,2565,2319,2362.5,-146.5,-5.84%,54176,64637
TAQ24,2024-08-08,2369,2619.5,2323.5,2586.5,224,+9.48%,56382,63798
TAQ24,2024-08-09,2642,2738,2564,2602,15.5,+0.60%,37151,66309
TAQ24,2024-08-12,2583.5,2734,2519,2668.5,66.5,+2.56%,57758,62533
TAQ24,2024-08-13,2692.5,2757,2619,2724,55.5,+2.08%,48784,59513
TAQ24,2024-08-14,2733,2792.5,2638,2679,-45.,-1.65%,39204,60959
TAQ24,2024-08-15,2665,2683,2523,2556,-123.,-4.59%,43351,65911
TAQ24,2024-08-16,2568.5,2641.5,2556,2635.5,79.5,+3.11%,50451,58944
TAQ24,2024-08-19,2645,2670,2571,2616,-19.5,-0.74%,22975,61454
TAQ24,2024-08-20,2624.5,2707.5,2560,2607,-9.,-0.34%,30565,65013
TAQ24,2024-08-21,2585.5,2670,2541.5,2657.5,50.5,+1.94%,41084,62400
TAQ24,2024-08-22,2657,2657,2589,2608.5,-49.,-1.84%,22435,61351
TAQ24,2024-08-23,2623.5,2772,2622,2757,148.5,+5.69%,51547,60537
TAQ24,2024-08-26,2782.5,2796,2673.5,2681,-76.,-2.76%,26647,61931
TAQ24,2024-08-27,2685,2702,2559,2581.5,-99.5,-3.71%,28759,64821
TAQ24,2024-08-28,2521.5,2553.5,2394,2507,-74.5,-2.89%,66825,69127
TAQ24,2024-08-29,2531,2597,2510,2530,23,+0.92%,29395,63787
TAU24,2024-08-30,2542.5,2565,2442,2522.5,-7.5,-0.30%,33413,22650
TAU24,2024-09-03,2524.5,2579.5,2410,2455.5,-67.,-2.66%,41800,24275
TAU24,2024-09-04,2470.5,2504,2315.5,2466.5,11,+0.45%,46191,35818
TAU24,2024-09-05,2478,2481.5,2357,2372,-94.5,-3.83%,23269,30778
TAU24,2024-09-06,2381.5,2420,2171.5,2228.5,-143.5,-6.05%,84018,28799
TAU24,2024-09-09,2253,2364,2242.5,2360.5,132,+5.92%,28067,27780
TAU24,2024-09-10,2371,2403,2327,2392.5,32,+1.36%,16422,26449
TAU24,2024-09-11,2385.5,2409,2281,2351.5,-41.,-1.71%,31051,29185
TAU24,2024-09-12,2352,2403,2320,2369,17.5,+0.74%,11605,28802
TAU24,2024-09-13,2363,2438,2344,2428,59,+2.49%,27282,29676
TAU24,2024-09-16,2365.5,2368,2256,2277.5,-150.5,-6.20%,24055,32162
TAU24,2024-09-17,2298,2399,2266,2358,80.5,+3.53%,21067,31443
TAU24,2024-09-18,2355,2368.5,2281,2317,-41.,-1.74%,27122,37082
TAU24,2024-09-19,2334,2499.5,2334,2466.5,149.5,+6.45%,23348,34744
TAU24,2024-09-20,2468,2578.5,2441.5,2545,78.5,+3.18%,27020,29991
TAU24,2024-09-23,2558,2709,2530.5,2675,130,+5.11%,33180,28389
TAU24,2024-09-24,2662,2671,2595,2656,-19.,-0.71%,21119,28488
TAU24,2024-09-25,2651.5,2677,2568,2571.5,-84.5,-3.18%,24948,28291
TAU24,2024-09-26,2577.5,2669.5,2556,2651,79.5,+3.09%,47525,32671
TAV24,2024-09-27,2661.5,2753.5,2633.5,2724,73,+2.75%,32305,20689
TAV24,2024-09-30,2700,2700,2588,2609.5,-114.5,-4.20%,24144,22828
TAV24,2024-10-01,2628,2673.5,2422,2496,-113.5,-4.35%,47530,21566
TAV24,2024-10-02,2476,2507.5,2371,2381.5,-114.5,-4.59%,30004,25223
TAV24,2024-10-03,2387,2409.5,2316.5,2361,-20.5,-0.86%,17838,27339
TAV24,2024-10-04,2354.5,2451,2345,2440.5,79.5,+3.37%,32058,25452
TAV24,2024-10-07,2431,2532,2426.5,2451,10.5,+0.43%,32148,32995
TAV24,2024-10-08,2461,2463,2406,2446,-5.,-0.20%,22951,32966
TAV24,2024-10-09,2460,2479.5,2358.5,2423,-23.,-0.94%,21318,30380
TAV24,2024-10-10,2377,2426,2332.5,2370.5,-52.5,-2.17%,21821,32783
TAV24,2024-10-11,2388,2479,2374,2466,95.5,+4.03%,16871,31059
TAV24,2024-10-14,2469.5,2652.5,2448,2632.5,166.5,+6.75%,47214,28911
TAV24,2024-10-15,2622.5,2698.5,2543,2599.5,-33.,-1.25%,34796,32079
TAV24,2024-10-16,2597,2658.5,2592.5,2624,24.5,+0.94%,17037,30382
TAV24,2024-10-17,2621.5,2656.5,2580.5,2599,-25.,-0.95%,18723,32260
TAV24,2024-10-18,2606,2683.5,2601,2658.5,59.5,+2.29%,25873,36885
TAV24,2024-10-21,2711,2777,2657.5,2684,25.5,+0.96%,22769,39735
TAV24,2024-10-22,2674.5,2688.5,2608,2629,-55.,-2.05%,23148,40834
TAV24,2024-10-23,2639,2646,2446.5,2508.5,-120.5,-4.58%,40446,39735
TAV24,2024-10-24,2506,2560.5,2501,2535.5,27,+1.08%,58037,36394
TAX24,2024-10-25,2567,2592.5,2471,2492,-43.5,-1.72%,44717,21303
TAX24,2024-10-28,2519.5,2565.5,2488.5,2524.5,32.5,+1.30%,30645,26844
TAX24,2024-10-29,2555.5,2712.5,2555.5,2658,133.5,+5.29%,44213,30683
TAX24,2024-10-30,2650.5,2752.5,2628.5,2679.5,21.5,+0.81%,45544,35178
TAX24,2024-10-31,2685.5,2694.5,2518,2528.5,-151.,-5.64%,40496,41163
TAX24,2024-11-01,2538,2604.5,2480,2530.5,2,+0.08%,36106,44274
TAX24,2024-11-04,2482.5,2501,2369,2433.5,-97.,-3.83%,37380,45357
TAX24,2024-11-05,2418,2493.5,2390.5,2440,6.5,+0.27%,42542,48042
TAX24,2024-11-06,2449,2730,2431.5,2719.5,279.5,+11.45%,88045,48325
TAX24,2024-11-07,2751,2946,2726,2935.5,216,+7.94%,87560,55929
TAX24,2024-11-08,2917.5,3012,2895.5,2970,34.5,+1.18%,77693,63929
TAX24,2024-11-11,3200,3410,3132,3395,425,+14.31%,167368,89287
TAX24,2024-11-12,3378,3483,3236.5,3312.5,-82.5,-2.43%,116416,94961
TAX24,2024-11-13,3318,3364,3138.5,3189,-123.5,-3.73%,102318,103018
TAX24,2024-11-14,3196,3265,3077.5,3116,-73.,-2.29%,55743,101353
TAX24,2024-11-15,3102,3150,3027,3109,-7.,-0.22%,42565,103917
TAX24,2024-11-18,3075.5,3221,3060.5,3175,66,+2.12%,62567,104420
TAX24,2024-11-19,3177.5,3248.5,3088.5,3120.5,-54.5,-1.72%,52176,102858
TAX24,2024-11-20,3111,3181,3044.5,3087.5,-33.,-1.06%,54428,107780
TAX24,2024-11-21,3092.5,3411,3045.5,3380,292.5,+9.47%,141548,120276
TAX24,2024-11-22,3403,3449,3274.5,3306.5,-73.5,-2.17%,69400,124068
TAX24,2024-11-25,3364.5,3557.5,3310.5,3511.5,205,+6.20%,113361,137531
TAX24,2024-11-26,3459,3482.5,3258.5,3327,-184.5,-5.25%,78767,138213
TAX24,2024-11-27,3326,3658.5,3307,3641,314,+9.44%,123901,143951
TAZ24,2024-11-29,3724.5,3755,3589.5,3641,0,0.00%,94488,58805
TAZ24,2024-12-02,3750,3817,3598,3661,20,+0.55%,94081,75543
TAZ24,2024-12-03,3661,3722,3539.5,3647.5,-13.5,-0.37%,81617,88662
TAZ24,2024-12-04,3666.5,3949.5,3653.5,3931,283.5,+7.77%,206155,105293
TAZ24,2024-12-05,3902.5,4015,3819.5,3865.5,-65.5,-1.67%,187929,117107
TAZ24,2024-12-06,3860.5,4143,3803.5,4095.5,230,+5.95%,184492,131653
TAZ24,2024-12-09,4075.5,4075.5,3507,3775,-320.5,-7.83%,204315,154907
TAZ24,2024-12-10,3743,3815.5,3541.5,3682,-93.,-2.46%,110054,166451
TAZ24,2024-12-11,3663.5,3872.5,3591,3868.5,186.5,+5.07%,98117,170239
TAZ24,2024-12-12,3867,4017,3829,3906.5,38,+0.98%,84200,164398
TAZ24,2024-12-13,3902,3993,3874.5,3940,33.5,+0.86%,78367,175073
TAZ24,2024-12-16,3919.5,4135,3897.5,4073,133,+3.38%,134338,188317
TAZ24,2024-12-17,4059,4061.5,3932.5,3956,-117.,-2.87%,90866,200948
TAZ24,2024-12-18,3920.5,3928,3645,3701.5,-254.5,-6.43%,114207,200558
TAZ24,2024-12-19,3702.5,3734.5,3331,3382,-319.5,-8.63%,181607,190776
TAZ24,2024-12-20,3410,3505.5,3105,3448,66,+1.95%,175764,198052
TAZ24,2024-12-23,3308.5,3464.5,3218.5,3410.5,-37.5,-1.09%,94021,208184
TAZ24,2024-12-24,3464.5,3544,3355,3507.5,97,+2.84%,46249,216097
TAZ24,2024-12-26,3511.5,3514.5,3303.5,3327.5,-180.,-5.13%,77022,225140
TAF25,2024-12-27,3379,3480.5,3334.5,3366,38.5,+1.16%,74410,47228
TAF25,2024-12-30,3335,3465.5,3325,3428.5,62.5,+1.86%,81339,55499
TAF25,2024-12-31,3387,3485.5,3343,3381.5,-47.,-1.37%,39613,55328
TAF25,2025-01-02,3382.5,3543,3374,3488,106.5,+3.15%,39488,60270
TAF25,2025-01-03,3471,3670,3452.5,3640.5,152.5,+4.37%,43940,68272
TAF25,2025-01-06,3659,3783,3642.5,3718,77.5,+2.13%,53253,62271
TAF25,2025-01-07,3714,3734,3375.5,3406.5,-311.5,-8.38%,126346,54210
TAF25,2025-01-08,3414.5,3430.5,3220.5,3298,-108.5,-3.19%,61254,54115
TAF25,2025-01-09,3339,3372,3167.5,3206.5,-91.5,-2.77%,39753,52155
TAF25,2025-01-10,3234,3343.5,3210.5,3277.5,71,+2.21%,48292,54910
TAF25,2025-01-13,3272.5,3360.5,2925.5,3101,-176.5,-5.39%,98342,63140
TAF25,2025-01-14,3142,3272,3140,3235.5,134.5,+4.34%,51228,62597
TAF25,2025-01-15,3252.5,3495,3201.5,3452.5,217,+6.71%,54128,65652
TAF25,2025-01-16,3451.5,3481.5,3275,3352,-100.5,-2.91%,69191,68376
TAF25,2025-01-17,3310,3549,3303.5,3532.5,180.5,+5.38%,55844,69827
TAF25,2025-01-21,3285,3469.5,3153,3321.5,-211.,-5.97%,161533,85564
TAF25,2025-01-22,3343,3378,3246.5,3265,-56.5,-1.70%,36689,87141
TAF25,2025-01-23,3250.5,3311.5,3189,3251.5,-13.5,-0.41%,88579,89680
TAF25,2025-01-24,3333,3435.5,3283,3335.5,84,+2.58%,46990,89963
TAF25,2025-01-27,3301,3301,3021,3147.5,-188.,-5.64%,110384,97912
TAF25,2025-01-28,3179,3231,3054.5,3094,-53.5,-1.70%,39316,100674
TAF25,2025-01-29,3079,3181.5,3053.5,3138,44,+1.42%,50693,100955
TAF25,2025-01-30,3139,3284.5,3093,3233,95,+3.03%,69797,109551
TAG25,2025-01-31,3293.5,3474.5,3237,3346.5,113.5,+3.51%,98227,51365
TAG25,2025-02-03,3045.5,3045.5,2260,2722.5,-624.,-18.65%,423538,143318
TAG25,2025-02-04,2883,2922,2654.5,2755.5,33,+1.21%,120812,143026
TAG25,2025-02-05,2698,2844.5,2697,2775,19.5,+0.71%,75662,128234
TAG25,2025-02-06,2781,2876.5,2686,2732.5,-42.5,-1.53%,68762,131476
TAG25,2025-02-07,2717.5,2814,2587,2592,-140.5,-5.14%,79179,120157
TAG25,2025-02-10,2626,2706.5,2569,2698,106,+4.09%,42416,110993
TAG25,2025-02-11,2678.5,2737.5,2591,2604,-94.,-3.48%,54426,98909
TAG25,2025-02-12,2607,2706,2553.5,2689,85,+3.26%,53176,90155
TAG25,2025-02-13,2734,2799,2620,2663,-26.,-0.97%,55617,98700
TAG25,2025-02-14,2668,2802.5,2628,2736,73,+2.74%,52838,89440
TAG25,2025-02-18,2692,2857.5,2609.5,2631,-105.,-3.84%,83029,94663
TAG25,2025-02-19,2662,2742.5,2658.5,2725,94,+3.57%,47092,82463
TAG25,2025-02-20,2723,2778.5,2710.5,2755,30,+1.10%,34807,81475
TAG25,2025-02-21,2740,2852,2610.5,2626,-129.,-4.68%,119800,88970
TAG25,2025-02-24,2756,2858,2622,2641,15,+0.57%,66386,83394
TAG25,2025-02-25,2600,2600,2318,2492.5,-148.5,-5.62%,127815,88580
TAG25,2025-02-26,2502,2521,2253.5,2330,-162.5,-6.52%,105633,77055
TAG25,2025-02-27,2345,2378.5,2227,2251.5,-78.5,-3.37%,79742,89167
TAH25,2025-02-28,2295.5,2325,2085.5,2233,-18.5,-0.82%,80776,37870
TAH25,2025-03-03,2510,2592.5,2104,2136.5,-96.5,-4.32%,116437,52846
TAH25,2025-03-04,2181,2232,2003,2151,14.5,+0.68%,112830,53775
TAH25,2025-03-05,2185,2282.5,2165,2243,92,+4.28%,73106,60146
TAH25,2025-03-06,2255.5,2330,2184.5,2208.5,-34.5,-1.54%,88643,87476
TAH25,2025-03-07,2223,2270,2106,2164,-44.5,-2.01%,107189,104349
TAH25,2025-03-10,2040,2157.5,1814.5,1867.5,-296.5,-13.70%,94937,115774
TAH25,2025-03-11,1893.5,1968.5,1756.5,1957.5,90,+4.82%,84187,109162
TAH25,2025-03-12,1940,1958.5,1832.5,1884,-73.5,-3.75%,97838,147951
TAH25,2025-03-13,1901,1923.5,1823,1853,-31.,-1.65%,47198,157802
TAH25,2025-03-14,1861,1950,1859,1939,86,+4.64%,46600,145883
TAH25,2025-03-17,1898.5,1956.5,1854,1945.5,6.5,+0.34%,39715,145967
TAH25,2025-03-18,1943,1946,1873.5,1905,-40.5,-2.08%,33373,148490
TAH25,2025-03-19,1908,2080,1906,2034.5,129.5,+6.80%,55850,144520
TAH25,2025-03-20,2043,2073.5,1953.5,1975,-59.5,-2.92%,53290,151701
TAH25,2025-03-21,1978,1997.5,1937,1974.5,-0.5,-0.03%,36330,156334
TAH25,2025-03-24,1986,2106.5,1977,2091.5,117,+5.93%,81839,189269
TAH25,2025-03-25,2085,2098.5,2039,2075.5,-16.,-0.77%,54703,219546
TAH25,2025-03-26,2061,2079,1981,1999,-76.5,-3.69%,35295,226500
TAH25,2025-03-27,2008,2036.5,1986,2003.5,4.5,+0.23%,40989,220099
TAJ25,2025-03-28,2023.5,2027,1867.5,1877.5,-126.,-6.29%,47915,35198
TAJ25,2025-03-31,1832.5,1861,1774,1834,-43.5,-2.32%,40546,39393
TAJ25,2025-04-01,1826,1937.5,1822.5,1919.5,85.5,+4.66%,33853,38894
TAJ25,2025-04-02,1926,1965.5,1860.5,1923,3.5,+0.18%,30667,39832
TAJ25,2025-04-03,1871,1871,1756.5,1790.5,-132.5,-6.89%,50686,44103
TAJ25,2025-04-04,1812,1841,1763.5,1816.5,26,+1.45%,47919,47497
TAJ25,2025-04-07,1595,1642,1417.5,1548.5,-268.,-14.75%,148837,56697
TAJ25,2025-04-08,1576,1622.5,1456,1465.5,-83.,-5.36%,50798,63049
TAJ25,2025-04-09,1477.5,1683.5,1386,1645.5,180,+12.28%,88476,62569
TAJ25,2025-04-10,1678,1691,1475,1514,-131.5,-7.99%,105622,80886
TAJ25,2025-04-11,1528,1594,1506,1568,54,+3.57%,44245,72311
TAJ25,2025-04-14,1594,1694,1585,1640.5,72.5,+4.62%,54039,68104
TAJ25,2025-04-15,1633.5,1663.5,1589.5,1611,-29.5,-1.80%,27702,69586
TAJ25,2025-04-16,1620.5,1620.5,1539,1590,-21.,-1.30%,50839,80574
TAJ25,2025-04-17,1590,1619.5,1564.5,1583.5,-6.5,-0.41%,32072,75911
TAJ25,2025-04-21,1587,1661,1564,1573,-10.5,-0.66%,50410,85393
TAJ25,2025-04-22,1580,1732.5,1530,1702,129,+8.20%,119782,78064
TAJ25,2025-04-23,1741.5,1836,1741.5,1787.5,85.5,+5.02%,107285,81446
TAJ25,2025-04-24,1796,1809,1724.5,1763.5,-24.,-1.34%,54853,81464
TAK25,2025-04-25,1777.5,1844.5,1753.5,1818.5,55,+3.12%,59879,41176
TAK25,2025-04-28,1820,1842.5,1758.5,1809.5,-9.,-0.49%,54719,51654
TAK25,2025-04-29,1802,1857,1801,1835.5,26,+1.44%,40404,48373
TAK25,2025-04-30,1808,1830.5,1743.5,1799,-36.5,-1.99%,44098,51627
TAK25,2025-05-01,1803,1892,1801,1859,60,+3.34%,28964,52961
TAK25,2025-05-02,1856,1883,1827,1853.5,-5.5,-0.30%,32918,55504
TAK25,2025-05-05,1853,1853,1788.5,1823,-30.5,-1.65%,30617,61724
TAK25,2025-05-06,1827,1842.5,1758,1792,-31.,-1.70%,22491,66205
TAK25,2025-05-07,1780,1860,1780,1804,12,+0.67%,31871,62960
TAK25,2025-05-08,1810,2210,1807,2129,325,+18.02%,112153,68023
TAK25,2025-05-09,2194,2500,2177,2342.5,213.5,+10.03%,185642,78955
TAK25,2025-05-12,2500,2635.5,2417.5,2470,127.5,+5.44%,121115,74483
TAK25,2025-05-13,2493.5,2751.5,2424.5,2702.5,232.5,+9.41%,101807,74537
TAK25,2025-05-14,2702.5,2736,2557,2613.5,-89.,-3.29%,69543,75480
TAK25,2025-05-15,2614,2657.5,2487,2538,-75.5,-2.89%,87726,77743
TAK25,2025-05-16,2546,2658,2527,2603.5,65.5,+2.58%,59372,81639
TAK25,2025-05-19,2454,2554.5,2345,2528,-75.5,-2.90%,123891,98519
TAK25,2025-05-20,2527,2596.5,2450,2511,-17.,-0.67%,89067,103672
TAK25,2025-05-21,2523,2624,2459,2520.5,9.5,+0.38%,119964,108426
TAK25,2025-05-22,2512,2701,2508.5,2639,118.5,+4.70%,135385,114859
TAK25,2025-05-23,2644,2741,2506,2565,-74.,-2.80%,131590,131881
TAK25,2025-05-27,2537,2717.5,2510,2690,125,+4.87%,119117,130108
TAK25,2025-05-28,2660,2691.5,2611,2621.5,-68.5,-2.55%,88035,132418
TAK25,2025-05-29,2656,2789.5,2624,2649,27.5,+1.05%,144396,123508
TAM25,2025-05-30,2679,2689,2555,2590.5,-58.5,-2.21%,90602,42581
TAM25,2025-06-02,2562,2581.5,2490.5,2548,-42.5,-1.64%,71417,52372
TAM25,2025-06-03,2577,2673,2573,2640,92,+3.61%,72519,47941
TAM25,2025-06-04,2612.5,2697.5,2598.5,2641,1,+0.04%,46980,44758
TAM25,2025-06-05,2629.5,2659,2405,2540,-101.,-3.82%,118299,57764
TAM25,2025-06-06,2444,2545.5,2396,2497,-43.,-1.69%,87481,70988
TAM25,2025-06-09,2550,2605.5,2486.5,2593,96,+3.84%,66006,67568
TAM25,2025-06-10,2650,2819.5,2650,2785.5,192.5,+7.42%,128498,69791
TAM25,2025-06-11,2784,2892,2767,2824,38.5,+1.38%,122831,73787
TAM25,2025-06-12,2800,2800,2627.5,2704.5,-119.5,-4.23%,98673,80863
TAM25,2025-06-13,2653,2670,2446,2535.5,-169.,-6.25%,182508,106234
TAM25,2025-06-16,2525,2688.5,2522,2666.5,131,+5.17%,66529,111583
TAM25,2025-06-17,2655,2667.5,2459,2535.5,-131.,-4.91%,120243,123343
TAM25,2025-06-18,2525,2552.5,2469,2497,-38.5,-1.52%,57566,118738
TAM25,2025-06-20,2530,2574,2370.5,2418.5,-78.5,-3.14%,123025,119672
TAM25,2025-06-23,2178,2382,2165,2315.5,-103.,-4.26%,142897,126805
TAM25,2025-06-24,2351.5,2486.5,2318,2436.5,121,+5.23%,100554,128500
TAM25,2025-06-25,2440,2471.5,2390.5,2433.5,-3.,-0.12%,68044,129552
TAM25,2025-06-26,2438,2522.5,2410.5,2438,4.5,+0.18%,119442,126846
TAN25,2025-06-27,2422,2480,2399.5,2429,-9.,-0.37%,46871,40871
TAN25,2025-06-30,2445,2542.5,2445,2532,103,+4.24%,85504,53435
TAN25,2025-07-01,2507.5,2515.5,2404,2417,-115.,-4.54%,71125,69879
TAN25,2025-07-02,2422,2623,2383.5,2620.5,203.5,+8.42%,128907,59095
TAN25,2025-07-03,2613,2651.5,2572,2600.5,-20.,-0.76%,73561,63558
TAN25,2025-07-07,2592,2620.5,2522.5,2553,-47.5,-1.83%,87583,67803
TAN25,2025-07-08,2546,2640.5,2531.5,2621,68,+2.66%,65245,68934
TAN25,2025-07-09,2619.5,2808,2598.5,2776.5,155.5,+5.93%,125848,81009
TAN25,2025-07-10,2762,2854.5,2762,2829,52.5,+1.89%,105518,96603
TAN25,2025-07-11,2945,3054,2926,3022,193,+6.82%,169967,102740
TAN25,2025-07-14,2993,3096,2959.5,3009.5,-12.5,-0.41%,145110,110928
TAN25,2025-07-15,3020,3111,2941,3052,42.5,+1.41%,160306,113094
TAN25,2025-07-16,3087.5,3436,3079.5,3392.5,340.5,+11.16%,217225,117916
TAN25,2025-07-17,3387.5,3494.5,3323.5,3423,30.5,+0.90%,219211,111237
TAN25,2025-07-18,3470.5,3685.5,3462,3557,134,+3.91%,269784,95450
TAN25,2025-07-21,3777.5,3865,3690,3739,182,+5.12%,285959,122783
TAN25,2025-07-22,3760,3805.5,3624,3677.5,-61.5,-1.64%,263253,97153
TAN25,2025-07-23,3713,3772.5,3542,3594.5,-83.,-2.26%,213410,103691
TAN25,2025-07-24,3597,3779.5,3515.5,3740.5,146,+4.06%,215339,102163
TAQ25,2025-07-25,3782.5,3793.5,3617.5,3679,-61.5,-1.64%,244373,56068
TAQ25,2025-07-28,3871,3980.5,3782,3823,144,+3.91%,206965,76518
TAQ25,2025-07-29,3820,3920,3744,3789.5,-33.5,-0.88%,220014,73508
TAQ25,2025-07-30,3799,3862.5,3701,3782.5,-7.,-0.18%,165597,75426
TAQ25,2025-07-31,3783.5,3905.5,3736.5,3758,-24.5,-0.65%,164630,69162
TAQ25,2025-08-01,3754,3754,3501.5,3528,-230.,-6.12%,297125,90193
TAQ25,2025-08-04,3508,3740,3493,3690,162,+4.59%,188872,82831
TAQ25,2025-08-05,3733,3758,3570,3588,-102.,-2.76%,206916,106660
TAQ25,2025-08-06,3592,3721,3560,3705,117,+3.26%,121196,111202
TAQ25,2025-08-07,3694,3909,3667,3893,188,+5.07%,171295,117869
TAQ25,2025-08-08,3901,4098.5,3896,4087.5,194.5,+5.00%,214135,141680
TAQ25,2025-08-11,4230,4390.5,4183.5,4283,195.5,+4.78%,287383,133725
TAQ25,2025-08-12,4244,4663,4215.5,4547.5,264.5,+6.18%,295963,142654
TAQ25,2025-08-13,4604,4781.5,4586.5,4763.5,216,+4.75%,321152,120393
TAQ25,2025-08-14,4756.5,4824,4486,4562.5,-201.,-4.22%,388162,119371
TAQ25,2025-08-15,4508.5,4697,4382,4398,-164.5,-3.61%,297772,122599
TAQ25,2025-08-18,4490,4552,4235.5,4367,-31.,-0.70%,297002,133472
TAQ25,2025-08-19,4365,4401,4117,4148,-219.,-5.01%,285540,126648
TAQ25,2025-08-20,4167,4381,4070,4356.5,208.5,+5.03%,301210,144695
TAQ25,2025-08-21,4367,4389.5,4210.5,4228.5,-128.,-2.94%,198576,157015
TAQ25,2025-08-22,4242,4881,4212.5,4848,619.5,+14.65%,490215,161949
TAQ25,2025-08-25,4812.5,4851,4341,4428.5,-419.5,-8.65%,386210,205117
TAQ25,2025-08-26,4363,4623,4316,4602.5,174,+3.93%,266899,235353
TAQ25,2025-08-27,4616,4669,4512.5,4571,-31.5,-0.68%,169451,235541
TAQ25,2025-08-28,4539,4640,4435.5,4453.5,-117.5,-2.57%,214847,248463
TAU25,2025-08-29,4509.5,4544.5,4287.5,4362.5,-91.,-2.04%,263611,98092
TAU25,2025-09-02,4456,4510.5,4270.5,4284.5,-78.,-1.79%,229081,105554
TAU25,2025-09-03,4339,4513.5,4296,4497.5,213,+4.97%,161495,115846
TAU25,2025-09-04,4478.5,4508.5,4277,4290,-207.5,-4.61%,169608,115973
TAU25,2025-09-05,4334,4510.5,4263,4346,56,+1.31%,255975,118033
TAU25,2025-09-08,4315,4401,4293,4301.5,-44.5,-1.02%,117766,126698
TAU25,2025-09-09,4338,4401.5,4285.5,4306,4.5,+0.10%,123136,124980
TAU25,2025-09-10,4317,4471.5,4294,4333,27,+0.63%,158508,119435
TAU25,2025-09-11,4365,4500,4349.5,4443,110,+2.54%,151247,106711
TAU25,2025-09-12,4443,4721.5,4440.5,4691.5,248.5,+5.59%,192656,118660
TAU25,2025-09-15,4664,4694,4479,4507.5,-184.,-3.92%,175353,150853
TAU25,2025-09-16,4536.5,4552.5,4433,4503,-4.5,-0.10%,115656,158289
TAU25,2025-09-17,4514.5,4580,4335.5,4528.5,25.5,+0.57%,181233,158707
TAU25,2025-09-18,4545,4661.5,4540.5,4602,73.5,+1.62%,141255,172572
TAU25,2025-09-19,4611,4637,4441.5,4447.5,-154.5,-3.36%,122242,185524
TAU25,2025-09-22,4472,4493,4060,4139.5,-308.,-6.93%,234567,226473
TAU25,2025-09-23,4191,4232.5,4116.5,4154.5,15,+0.36%,156959,233155
TAU25,2025-09-24,4174,4211,4079.5,4165,10.5,+0.25%,113189,250026
TAU25,2025-09-25,4154.5,4168,3820.5,3913,-252.,-6.05%,323410,293367
TAV25,2025-09-26,3941,4104,3879.5,4063,150,+3.83%,265308,110092
TAV25,2025-09-29,4080.5,4269.5,4080.5,4225.5,162.5,+4.00%,192364,118466
TAV25,2025-09-30,4254.5,4283,4118.5,4191.5,-34.,-0.80%,208290,127170
TAV25,2025-10-01,4195,4382,4149.5,4366.5,175,+4.18%,240929,125911
TAV25,2025-10-02,4342,4556.5,4334.5,4537,170.5,+3.90%,199949,127671
TAV25,2025-10-03,4508.5,4632.5,4466,4553,16,+0.35%,224472,139156
TAV25,2025-10-06,4551,4779,4520,4764.5,211.5,+4.65%,181290,148850
TAV25,2025-10-07,4733.5,4799,4476,4502,-262.5,-5.51%,271911,145181
TAV25,2025-10-08,4521.5,4582,4437,4539.5,37.5,+0.83%,191764,163483
TAV25,2025-10-09,4543,4564,4284.5,4352.5,-187.,-4.12%,175182,189452
TAV25,2025-10-10,4375,4416,3858.5,4007.5,-345.,-7.93%,345487,220514
TAV25,2025-10-13,4141,4310.5,4058,4276,268.5,+6.70%,249929,214882
TAV25,2025-10-14,4280,4301,3910.5,4133.5,-142.5,-3.33%,347378,233706
TAV25,2025-10-15,4141.5,4239,3943.5,3996,-137.5,-3.33%,206065,261944
TAV25,2025-10-16,3965.5,4098.5,3836.5,3879.5,-116.5,-2.92%,234250,266822
TAV25,2025-10-17,3892,3961.5,3684.5,3837,-42.5,-1.10%,288444,284284
TAV25,2025-10-20,4002,4093.5,3916,3995,158,+4.12%,194890,276610
TAV25,2025-10-21,3998,4125,3851.5,4008.5,13.5,+0.34%,231108,295153
TAV25,2025-10-22,3961,3962,3775,3803.5,-205.,-5.11%,243775,325583
TAV25,2025-10-23,3755,3940,3740,3868,64.5,+1.70%,169804,320059
TAV25,2025-10-24,3840,4030,3825,3934,66,+1.71%,162278,315298
TAV25,2025-10-27,4003.5,4260.5,4003.5,4198,264,+6.71%,168186,314105
TAV25,2025-10-28,4131,4182.5,3964,4041.5,-156.5,-3.73%,159472,335016
TAV25,2025-10-29,3988.5,4041,3842,3905,-136.5,-3.38%,189595,367349
TAV25,2025-10-30,3955,3969,3668,3688.5,-216.5,-5.54%,265707,424412
TAX25,2025-10-31,3793.5,3928,3777.5,3909.5,221,+5.99%,148907,125665
TAX25,2025-11-03,3891,3938,3570.5,3596,-313.5,-8.02%,213722,157916
TAX25,2025-11-04,3606,3667,3072.5,3225.5,-370.5,-10.30%,386738,184669
TAX25,2025-11-05,3251,3495.5,3179,3462.5,237,+7.35%,254437,198466
TAX25,2025-11-06,3442,3472,3258,3314,-148.5,-4.29%,180370,207909
TAX25,2025-11-07,3331,3484.5,3202.5,3475.5,161.5,+4.87%,207206,244601
TAX25,2025-11-10,3508,3670.5,3508,3582,106.5,+3.06%,166529,256306
TAX25,2025-11-11,3577,3657.5,3410.5,3441,-141.,-3.94%,163368,262627
TAX25,2025-11-12,3429,3596.5,3376,3421,-20.,-0.58%,176778,276989
TAX25,2025-11-13,3425,3571.5,3154.5,3167.5,-253.5,-7.41%,262726,314470
TAX25,2025-11-14,3217,3272,3069,3140,-27.5,-0.87%,336629,332799
TAX25,2025-11-17,3098.5,3228,2958,3006.5,-133.5,-4.25%,215919,339676
TAX25,2025-11-18,3026,3177,2947.5,3129.5,123,+4.09%,209586,343707
TAX25,2025-11-19,3123.5,3133.5,2871.5,2946.5,-183.,-5.85%,249160,388626
TAX25,2025-11-20,2980.5,3065.5,2793,2832.5,-114.,-3.87%,280119,415215
TAX25,2025-11-21,2876,2891,2628,2738,-94.5,-3.34%,435485,483405
TAX25,2025-11-24,2835.5,2988.5,2765,2976.5,238.5,+8.71%,221886,487236
TAX25,2025-11-25,2966.5,2970.5,2855.5,2929,-47.5,-1.60%,132608,490147
TAX25,2025-11-26,2962,3049,2886.5,3026.5,97.5,+3.33%,156017,499009
TAZ25,2025-11-28,3041,3118,3000.5,3048.5,22,+0.73%,87294,132148
TAZ25,2025-12-01,3061,3062,2726.5,2765.5,-283.,-9.28%,200849,124865
TAZ25,2025-12-02,2808,3051,2788,2991.5,226,+8.17%,175040,125541
TAZ25,2025-12-03,3024.5,3180,2997,3149.5,158,+5.28%,194259,141042
TAZ25,2025-12-04,3193,3253,3079,3150.5,1,+0.03%,163586,154938
TAZ25,2025-12-05,3157,3205.5,2993.5,3029.5,-121.,-3.84%,181744,176921
TAZ25,2025-12-08,3044.5,3189.5,3033.5,3143.5,114,+3.76%,131401,165656
TAZ25,2025-12-09,3144.5,3410.5,3097.5,3336.5,193,+6.14%,198072,149753
TAZ25,2025-12-10,3336,3460,3297.5,3367,30.5,+0.91%,180801,164420
TAZ25,2025-12-11,3357.5,3360.5,3154,3230,-137.,-4.07%,183322,198952
TAZ25,2025-12-12,3241.5,3276.5,3051.5,3088,-142.,-4.40%,158633,216041
TAZ25,2025-12-15,3080.5,3185.5,2900.5,2935,-153.,-4.95%,188107,202717
TAZ25,2025-12-16,2955,2983.5,2880.5,2953.5,18.5,+0.63%,128648,216367
TAZ25,2025-12-17,2955,3033.5,2794,2821.5,-132.,-4.47%,187136,228259
TAZ25,2025-12-18,2834,3002,2777.5,2784,-37.5,-1.33%,195539,242300
TAZ25,2025-12-19,2824.5,3021.5,2810.5,2998.5,214.5,+7.70%,222114,212201
TAZ25,2025-12-22,2994,3079,2966,2978,-20.5,-0.68%,104893,215997
TAZ25,2025-12-23,3008,3036,2900.5,2968,-10.,-0.34%,107665,214136
TAZ25,2025-12-24,2958.5,2977.5,2886,2935,-33.,-1.11%,72837,217425
TAF26,2025-12-26,2936,3013,2905,2947,12,+0.41%,102626,85908
TAF26,2025-12-29,2959.5,3075,2924,2940.5,-6.5,-0.22%,128213,97013
TAF26,2025-12-30,2946,3024.5,2928.5,2972,31.5,+1.07%,98485,94649
TAF26,2025-12-31,2979,3045,2972,2987,15,+0.50%,64748,90026
TAF26,2026-01-02,3024.5,3171,3000,3138.5,151.5,+5.07%,148696,92136
TAF26,2026-01-05,3166,3284.5,3149.5,3259,120.5,+3.84%,146726,110494
TAF26,2026-01-06,3260,3326,3196,3257,-2.,-0.06%,124897,102523
TAF26,2026-01-07,3289.5,3318.5,3133,3146.5,-110.5,-3.39%,99527,107322
TAF26,2026-01-08,3159,3191.5,3057,3113,-33.5,-1.06%,80527,114544
TAF26,2026-01-09,3125.5,3154,3060,3076,-37.,-1.19%,79854,132490
TAF26,2026-01-12,3107.5,3178,3069.5,3109.5,33.5,+1.09%,81463,133109
TAF26,2026-01-13,3098.5,3232,3093.5,3213.5,104,+3.34%,88730,119503
TAF26,2026-01-14,3330,3419,3291,3395,181.5,+5.65%,138751,117859
TAF26,2026-01-15,3365,3400,3280.5,3292.5,-102.5,-3.02%,99909,119220
TAF26,2026-01-16,3314,3336.5,3257,3298,5.5,+0.17%,61727,120948
TAF26,2026-01-20,3347,3365,2978.5,3003.5,-294.5,-8.93%,167423,138598
TAF26,2026-01-21,2952,3069.5,2865,3030.5,27,+0.90%,197323,164101
TAF26,2026-01-22,3009,3040.5,2905,2938.5,-92.,-3.04%,100315,183466
TAF26,2026-01-23,2954,3019,2891,2939.5,1,+0.03%,91459,185262
TAF26,2026-01-26,2812,2950,2784,2899.5,-40.,-1.36%,122331,202839
TAF26,2026-01-27,2918,3031,2896.5,3022,122.5,+4.22%,102097,209045
TAF26,2026-01-28,3020,3045.5,2979.5,3011,-11.,-0.36%,89220,198330
TAF26,2026-01-29,3015.5,3021,2750,2801.5,-209.5,-6.96%,145850,215413
TAG26,2026-01-30,2826,2834,2640,2684.5,-117.,-4.18%,150202,59714
TAG26,2026-02-02,2422.5,2422.5,2163,2325,-359.5,-13.39%,268856,111309
TAG26,2026-02-03,2359,2366,2114,2304.5,-20.5,-0.88%,246281,115739
TAG26,2026-02-04,2242,2300,2079,2174.5,-130.,-5.64%,168260,126761
TAG26,2026-02-05,2121,2177,1828,1868.5,-306.,-14.07%,236864,147726
TAG26,2026-02-06,1874,2098.5,1749,2062,193.5,+10.36%,208239,166717
TAG26,2026-02-09,2115,2155.5,2010,2130.5,68.5,+3.32%,110808,158933
TAG26,2026-02-10,2122,2128.5,1991.5,2016.5,-114.,-5.35%,80805,165677
TAG26,2026-02-11,2021,2036,1904,1958,-58.5,-2.90%,101705,172469
TAG26,2026-02-12,1958,2004,1899,1917.5,-40.5,-2.07%,75887,178584
TAG26,2026-02-13,1939,2090,1926,2048,130.5,+6.81%,88635,171775
TAG26,2026-02-17,1986,2025,1938,1997.5,-50.5,-2.47%,58012,174103
TAG26,2026-02-18,1999,2041.5,1924,1939,-58.5,-2.93%,45931,178183
TAG26,2026-02-19,1946.5,1988.5,1906.5,1949.5,10.5,+0.54%,41220,180027
TAG26,2026-02-20,1942,1984,1924,1971,21.5,+1.10%,67847,173878
TAG26,2026-02-23,1965,1965,1836.5,1860.5,-110.5,-5.61%,60026,176091
TAG26,2026-02-24,1862,1870.5,1802,1859.5,-1.,-0.05%,43274,177307
TAG26,2026-02-25,1862,2150,1847.5,2076.5,217,+11.67%,105855,173777
TAG26,2026-02-26,2082,2088,1976.5,2025,-51.5,-2.48%,90245,175706
TAH26,2026-02-27,2047,2073,1913,1928.5,-96.5,-4.77%,76086,53221
TAH26,2026-03-02,1928,2098,1921,2046,117.5,+6.09%,129357,53296
TAH26,2026-03-03,2063,2064.5,1932.5,1984.5,-61.5,-3.01%,80636,51800
TAH26,2026-03-04,1987,2209.5,1950,2161,176.5,+8.89%,99281,50470
TAH26,2026-03-05,2207,2240,2061,2102,-59.,-2.73%,58821,47095
TAH26,2026-03-06,2107,2112,1960.5,1985.5,-116.5,-5.54%,57531,50192
TAH26,2026-03-09,1964,2059.5,1913.5,2042,56.5,+2.85%,70142,62421
TAH26,2026-03-10,2036,2097.5,1992.5,2044,2,+0.10%,43629,60732
TAH26,2026-03-11,2040,2094,2011,2082,38,+1.86%,38244,60198
TAH26,2026-03-12,2076,2102,2023.5,2076.5,-5.5,-0.26%,38989,57482
TAH26,2026-03-13,2070.5,2220,2061,2107.5,31,+1.49%,69360,52873
TAH26,2026-03-16,2139,2362.5,2130.5,2335.5,228,+10.82%,107482,56766
TAH26,2026-03-17,2362,2390,2302.5,2326.5,-9.,-0.39%,58393,55455
TAH26,2026-03-18,2344.5,2355,2156.5,2189,-137.5,-5.91%,77691,67203
TAH26,2026-03-19,2204,2237,2101.5,2145.5,-43.5,-1.99%,66524,74570
TAH26,2026-03-20,2159,2178,2116.5,2133,-12.5,-0.58%,52229,80453
TAH26,2026-03-23,2025,2199.5,2023,2157.5,24.5,+1.15%,69085,81276
TAH26,2026-03-24,2157.5,2178,2102.5,2116,-41.5,-1.92%,39338,81734
TAH26,2026-03-25,2150.5,2202.5,2141.5,2172.5,56.5,+2.67%,45676,79709
TAH26,2026-03-26,2169,2183.5,2031,2046,-126.5,-5.82%,59826,87352
TAJ26,2026-03-27,2074.5,2082.5,1973.5,1996.5,-49.5,-2.42%,63475,44194
TAJ26,2026-03-30,2004,2091,1941.5,2027,30.5,+1.53%,62357,53408
TAJ26,2026-03-31,2042,2129,2017.5,2102.5,75.5,+3.72%,60260,55281
TAJ26,2026-04-01,2110,2175.5,2086,2148,45.5,+2.16%,50475,51051
TAJ26,2026-04-02,2162.5,2165,2019.5,2070.5,-77.5,-3.61%,54057,51899
TAJ26,2026-04-03,2069.5,2088,2046,2059.5,-11.,-0.53%,9054,50678
TAJ26,2026-04-06,2056,2182,2054,2151,91.5,+4.44%,76511,62266
TAJ26,2026-04-07,2140,2147.5,2062.5,2118,-33.,-1.53%,50229,61911
TAJ26,2026-04-08,2144,2280,2144,2216,98,+4.63%,63920,66429
TAJ26,2026-04-09,2219,2236,2161,2223.5,7.5,+0.34%,48115,69847
TAJ26,2026-04-10,2220,2265,2181,2260.5,37,+1.66%,43646,72270
TAJ26,2026-04-13,2221,2274,2178.5,2269.5,9,+0.40%,45282,69583
TAJ26,2026-04-14,2264,2423.5,2264,2318,48.5,+2.14%,95282,61243
TAJ26,2026-04-15,2335,2391.5,2311.5,2381,63,+2.72%,42334,58934
TAJ26,2026-04-16,2368,2387.5,2287,2365,-16.,-0.67%,50214,58933
TAJ26,2026-04-17,2346.5,2472,2321,2434,69,+2.92%,67763,64235
TAJ26,2026-04-20,2287.5,2347,2255,2336,-98.,-4.03%,56910,66191
TAJ26,2026-04-21,2326.5,2342,2287,2300.5,-35.5,-1.52%,35639,68135
TAJ26,2026-04-22,2313,2428,2305,2399.5,99,+4.30%,65296,69579
TAJ26,2026-04-23,2397.5,2406.5,2284.5,2314,-85.5,-3.56%,61402,70352
TAK26,2026-04-24,2337,2354,2312,2334,20,+0.86%,36586,33241
TAK26,2026-04-27,2372,2420,2275.5,2297,-37.,-1.59%,38256,44837
TAK26,2026-04-28,2303,2321,2265.5,2312,15,+0.65%,25391,41497
TAK26,2026-04-29,2300,2359.5,2226,2238.5,-73.5,-3.18%,46087,41074
TAK26,2026-04-30,2265,2287,2238,2270.5,32,+1.43%,22748,41613
TAK26,2026-05-01,2265,2340.5,2260.5,2316,45.5,+2.00%,31662,35457
TAK26,2026-05-04,2329,2411.5,2319.5,2366.5,50.5,+2.18%,57068,36423
TAK26,2026-05-05,2373.5,2413.5,2353.5,2382,15.5,+0.65%,39462,37290
TAK26,2026-05-06,2387,2435,2346,2357.5,-24.5,-1.03%,38657,38426
TAK26,2026-05-07,2364.5,2364.5,2284.5,2302,-55.5,-2.35%,38980,41926
TAK26,2026-05-08,2298,2328.5,2267.5,2323.5,21.5,+0.93%,29296,42624
TAK26,2026-05-11,2345,2390.5,2307,2345.5,22,+0.95%,27836,42894
TAK26,2026-05-12,2347.5,2352.5,2258.5,2289,-56.5,-2.41%,24849,44378
TAK26,2026-05-13,2293,2329.5,2235.5,2259,-30.,-1.31%,25473,43980
TAK26,2026-05-14,2265,2326.5,2239,2304,45,+1.99%,32704,41091
TAK26,2026-05-15,2304,2307,2205.5,2225.5,-78.5,-3.41%,32084,42479
TAK26,2026-05-18,2186,2194.5,2077,2124,-101.5,-4.56%,48476,44847
TAK26,2026-05-19,2134,2146.5,2094.5,2113.5,-10.5,-0.49%,25330,44538
TAK26,2026-05-20,2117.5,2150,2102,2139.5,26,+1.23%,25688,43234
TAK26,2026-05-21,2129.5,2157.5,2103,2142,2.5,+0.12%,23411,41917
TAK26,2026-05-22,2134,2141.5,2055.5,2062,-80.,-3.73%,44845,50349
TAK26,2026-05-26,2072,2139.5,2051,2069,7,+0.34%,48690,56580
TAK26,2026-05-27,2074,2093.5,2039,2054,-15.,-0.72%,33950,60140
TAK26,2026-05-28,2013.5,2031.5,1963.5,2013,-41.,-2.00%,60321,56456
TAM26,2026-05-29,2024.5,2048.5,1979,2021,8,+0.40%,29609,32644
TAM26,2026-06-01,2028,2039,1959.5,2007.5,-13.5,-0.67%,30090,38504
TAM26,2026-06-02,2008.5,2012,1884.5,1913.5,-94.,-4.68%,29651,42223
TAM26,2026-06-03,1913.5,1918.5,1773,1806.5,-107.,-5.59%,41794,40528
TAM26,2026-06-04,1802,1853.5,1720.5,1780.5,-26.,-1.44%,53258,44170
TAM26,2026-06-05,1782.5,1787,1543,1579.5,-201.,-11.29%,105237,54363
TAM26,2026-06-08,1619,1724,1507,1685.5,106,+6.71%,62440,53333
TAM26,2026-06-09,1693,1719,1613.5,1658,-27.5,-1.63%,37163,51582
TAM26,2026-06-10,1656.5,1669,1607.5,1632,-26.,-1.57%,30808,52654
TAM26,2026-06-11,1625.5,1693,1604.5,1681.5,49.5,+3.03%,42739,50136
TAM26,2026-06-12,1674.5,1692,1651,1665,-16.5,-0.98%,26222,51394
TAM26,2026-06-15,1662,1850.5,1655.5,1819.5,154.5,+9.28%,53191,46916
TAM26,2026-06-16,1820,1838,1759,1795.5,-24.,-1.32%,42724,48079
TAM26,2026-06-17,1790,1809,1728.5,1733.5,-62.,-3.45%,43788,46420
TAM26,2026-06-18,1745.5,1763.5,1670.5,1705,-28.5,-1.64%,28848,49654
TAM26,2026-06-22,1712,1780,1677,1733,28,+1.64%,36097,48140
TAM26,2026-06-23,1735.5,1736,1633,1660,-73.,-4.21%,22135,46777
TAM26,2026-06-24,1665,1690,1550.5,1581,-79.,-4.76%,55803,48455
TAM26,2026-06-25,1607,1657,1531,1556,-25.,-1.58%,56462,53147
TAN26,2026-06-26,1560,1596,1513,1579,23,+1.48%,50908,32223
TAN26,2026-06-29,1574,1638.5,1549,1627,48,+3.04%,48685,33954
TAN26,2026-06-30,1615,1625,1550,1581.5,-45.5,-2.80%,38292,36732
TAN26,2026-07-01,1585,1634,1535,1620.5,39,+2.47%,42273,38059
TAN26,2026-07-02,1641,1728,1585.5,1704.5,84,+5.18%,49295,38625
TAN26,2026-07-06,1710.5,1813,1668,1797.5,93,+5.46%,46940,42878
TAN26,2026-07-07,1797.5,1840,1760,1795,-2.5,-0.14%,18219,42958
TAN26,2026-07-08,1819.5,1840,1715.5,1745.5,-49.5,-2.76%,25331,43748
TAN26,2026-07-09,1739,1766,1724,1751,5.5,+0.32%,13613,44811
TAN26,2026-07-10,1753.5,1816.5,1740,1796,45,+2.57%,22988,47313
"Downloaded from Barchart.com as of 07-15-2026 07:15pm CDT"
